affect#n#1	300
affect#v#1	100
affect#v#2	100
affect#v#3	100
affect#v#4	200
affect#v#5	100
agape#a#1	100
agape#n#1	100
agape#n#2	100
agape#n#3	200
alight#a#1	200
alight#v#1	100
alight#v#2	100
alley#n#1	100
alley#n#2	100
ally#n#1	100
ally#n#2	100
ally#v#1	100
ancient#a#1	100
ancient#a#2	100
ancient#n#1	100
ancient#n#2	100
angle#n#1	100
angle#n#2	100
angle#n#3	500
angle#v#1	100
angle#v#2	100
angle#v#3	200
angle#v#4	200
angle#v#5	100
apostrophe#n#1	200
apostrophe#n#2	100
arch#a#1	200
arch#a#2	200
arch#a#3	200
arch#n#1	100
arch#n#2	10
arch#n#3	100
arch#n#4	100
arch#v#1	100
are#n#1	200
arm#n#1	100
arm#n#2	100
arm#n#3	200
arm#n#4	100
arm#n#5	100
arm#n#6	100
arm#v#1	200
arm#v#2	200
art#n#1	100
art#n#2	100
art#n#3	100
art#n#4	100
ash#n#1	100
ash#n#2	200
ash#n#3	200
ash#v#1	100
bail#n#1	100
bail#n#2	100
bail#v#1	100
bail#v#2	100
bail#v#3	100
bail#v#4	500
bail#v#5	500
bale#n#1	100
bale#n#2	999
bale#v#1	100
ball#n#1	100
ball#n#10	100
ball#n#11	100
ball#n#12	100
ball#n#2	100
ball#n#3	100
ball#n#4	200
ball#n#5	100
ball#n#6	100
ball#n#7	999
ball#n#8	100
ball#n#9	200
ball#v#1	100
ban#n#1	100
ban#n#2	200
ban#n#3	200
ban#n#4	100
ban#n#5	999
ban#v#1	100
ban#v#2	100
ban#v#3	100
ban#v#4	100
band#n#1	200
band#n#10	100
band#n#11	100
band#n#12	100
band#n#13	100
band#n#2	200
band#n#3	100
band#n#4	100
band#n#5	200
band#n#6	100
band#n#7	100
band#n#8	100
band#n#9	100
band#v#1	100
band#v#2	100
bandy#a#1	100
bandy#v#1	200
bandy#v#2	200
bandy#v#3	200
bang#n#1	100
bang#n#2	100
bang#n#3	100
bang#n#4	100
bang#n#5	100
bang#r#1	100
bang#v#1	100
bang#v#2	100
bang#v#3	100
bang#v#4	100
bang#v#5	100
bang#v#6	100
bank#n#1	100
bank#n#10	100
bank#n#2	200
bank#n#3	100
bank#n#4	100
bank#n#5	200
bank#n#6	200
bank#n#7	100
bank#n#8	200
bank#n#9	200
bank#v#1	100
bank#v#2	100
bank#v#3	200
bank#v#4	200
bank#v#5	200
bank#v#6	200
bank#v#7	100
bank#v#8	200
bar#n#1	100
bar#n#10	100
bar#n#11	100
bar#n#12	999
bar#n#13	100
bar#n#14	100
bar#n#15	100
bar#n#2	100
bar#n#3	100
bar#n#4	100
bar#n#5	100
bar#n#6	100
bar#n#7	400
bar#n#8	100
bar#n#9	100
bar#v#1	100
bar#v#2	100
bar#v#3	100
bar#v#4	100
bark#n#1	200
bark#n#2	100
bark#n#3	500
bark#n#4	100
bark#v#1	100
bark#v#2	200
bark#v#3	200
bark#v#4	100
bark#v#5	200
barrack#n#1	100
barrack#v#1	100
barrack#v#2	200
barrack#v#3	200
barrow#n#1	100
barrow#n#2	200
barrow#n#3	100
base#a#1	100
base#a#2	200
base#a#3	200
base#a#4	200
base#a#5	200
base#a#6	200
base#a#7	200
base#n#1	100
base#n#10	100
base#n#11	100
base#n#12	100
base#n#13	100
base#n#14	100
base#n#15	100
base#n#16	100
base#n#17	100
base#n#18	100
base#n#19	100
base#n#2	100
base#n#20	100
base#n#3	100
base#n#4	100
base#n#5	100
base#n#6	100
base#n#7	100
base#n#8	100
base#n#9	100
base#v#1	100
base#v#2	100
base#v#3	100
bass#a#1	100
bass#n#1	100
bass#n#2	100
bass#n#3	100
bass#n#4	200
bass#n#5	200
bass#n#6	100
bass#n#7	100
bass#n#8	200
baste#n#1	200
baste#v#1	100
baste#v#2	100
baste#v#3	200
bat#n#1	200
bat#n#2	100
bat#n#3	100
bat#n#4	100
bat#n#5	100
bat#v#1	100
bat#v#2	300
bat#v#3	100
bat#v#4	100
bat#v#5	100
bath#n#1	100
bath#n#2	100
bath#n#3	100
bath#n#4	200
bath#n#5	100
bath#n#6	100
bath#v#1	100
batten#n#1	100
batten#n#2	100
batten#v#1	100
batten#v#2	100
batter#n#1	300
batter#n#2	200
batter#v#1	100
batter#v#2	100
batter#v#3	100
bay#a#1	400
bay#n#1	100
bay#n#2	500
bay#n#3	200
bay#n#4	300
bay#n#5	300
bay#n#6	100
bay#n#7	400
bay#v#1	500
bay#v#2	500
bear#n#1	200
bear#n#2	200
bear#v#1	100
bear#v#10	100
bear#v#11	100
bear#v#12	100
bear#v#13	100
bear#v#2	100
bear#v#3	100
bear#v#4	100
bear#v#5	100
bear#v#6	100
bear#v#7	100
bear#v#8	100
bear#v#9	100
beaver#n#1	100
beaver#n#2	100
beaver#n#3	300
beaver#n#4	100
beaver#n#5	200
beaver#n#6	100
beaver#n#7	100
beaver#v#1	100
beck#n#1	200
beetle#a#1	300
beetle#n#1	100
beetle#n#2	200
beetle#v#1	300
beetle#v#2	100
beetle#v#3	300
beguine#n#1	100
beguine#n#2	100
beguine#n#3	100
bell#n#1	100
bell#n#10	100
bell#n#2	100
bell#n#3	100
bell#n#4	100
bell#n#5	100
bell#n#6	100
bell#n#7	100
bell#n#8	100
bell#n#9	100
bell#v#1	100
bend#n#1	100
bend#n#2	100
bend#n#3	100
bend#n#4	100
bend#n#5	100
bend#n#6	100
bend#v#1	100
bend#v#2	100
bend#v#3	100
bend#v#4	100
bend#v#5	100
bend#v#6	100
bent#a#1	100
bent#a#2	100
bent#a#3	100
bent#n#1	100
bent#n#2	400
bent#n#3	400
bent#n#4	100
bill#n#1	100
bill#n#10	200
bill#n#2	100
bill#n#3	100
bill#n#4	100
bill#n#5	100
bill#n#6	100
bill#n#7	100
bill#n#8	500
bill#n#9	200
bill#v#1	100
bill#v#2	100
bill#v#3	100
billet#n#1	100
billet#n#2	100
billet#n#3	100
billet#v#1	100
billy#n#1	200
billy#n#2	200
bit#n#1	100
bit#n#10	100
bit#n#11	300
bit#n#2	100
bit#n#3	100
bit#n#4	100
bit#n#5	300
bit#n#6	400
bit#n#7	100
bit#n#8	100
bit#n#9	100
blaze#n#1	100
blaze#n#2	100
blaze#n#3	100
blaze#n#4	100
blaze#n#5	100
blaze#v#1	100
blaze#v#2	100
blaze#v#3	100
blaze#v#4	100
blaze#v#5	100
bleak#a#1	100
bleak#a#2	100
bleak#a#3	100
bloom#n#1	100
bloom#n#2	100
bloom#n#3	100
bloom#n#4	100
bloom#n#5	100
bloom#n#6	100
bloom#v#1	100
bloomer#n#1	100
bloomer#n#2	200
blow#n#1	200
blow#n#2	200
blow#n#3	200
blow#n#4	200
blow#n#5	100
blow#n#6	100
blow#n#7	100
blow#v#1	100
blow#v#10	100
blow#v#11	100
blow#v#12	100
blow#v#13	100
blow#v#14	100
blow#v#15	100
blow#v#16	100
blow#v#17	100
blow#v#18	100
blow#v#19	100
blow#v#2	100
blow#v#20	100
blow#v#21	100
blow#v#22	100
blow#v#3	100
blow#v#4	100
blow#v#5	100
blow#v#6	100
blow#v#7	100
blow#v#8	100
blow#v#9	100
blue#a#1	100
blue#a#2	100
blue#a#3	100
blue#a#4	100
blue#a#5	100
blue#a#6	100
blue#a#7	100
blue#a#8	100
blue#n#1	100
blue#n#2	100
blue#n#3	100
blue#n#4	100
blue#n#5	100
blue#n#6	100
blue#n#7	100
blue#v#1	100
bluff#a#1	300
bluff#a#2	200
bluff#n#1	300
bluff#n#2	100
bluff#n#3	100
bluff#v#1	100
bluff#v#2	100
bob#n#1	500
bob#n#2	200
bob#n#3	200
bob#n#4	200
bob#n#5	500
bob#n#6	200
bob#n#7	200
bob#v#1	100
bob#v#2	200
bob#v#3	200
bob#v#4	100
bob#v#5	200
bogey#n#1	200
bogey#n#2	100
bogey#n#3	200
bogey#v#1	100
boil#n#1	200
boil#n#2	100
boil#v#1	100
boil#v#2	100
boil#v#3	100
boil#v#4	100
boil#v#5	100
bolt#n#1	100
bolt#n#2	100
bolt#n#3	100
bolt#n#4	200
bolt#n#5	300
bolt#n#6	100
bolt#n#7	100
bolt#r#1	100
bolt#r#2	200
bolt#v#1	200
bolt#v#2	100
bolt#v#3	200
bolt#v#4	200
bolt#v#5	200
bolt#v#6	200
bolt#v#7	200
bongo#n#1	100
bongo#n#2	200
boom#n#1	100
boom#n#2	200
boom#n#3	100
boom#n#4	500
boom#n#5	500
boom#v#1	100
boom#v#2	100
boom#v#3	100
boom#v#4	100
boom#v#5	100
boot#n#1	100
boot#n#2	100
boot#n#3	100
boot#n#4	100
boot#n#5	100
boot#n#6	100
boot#n#7	100
boot#v#1	100
boot#v#2	100
bore#n#1	200
bore#n#2	500
bore#n#3	100
bore#n#4	100
bore#v#1	200
bore#v#2	100
boss#a#1	100
boss#n#1	100
boss#n#2	100
boss#n#3	100
boss#n#4	100
boss#n#5	400
boss#v#1	400
bound#a#1	400
bound#a#2	400
bound#a#3	400
bound#a#4	400
bound#a#5	400
bound#a#6	400
bound#a#7	400
bound#a#8	400
bound#a#9	400
bound#n#1	200
bound#n#2	200
bound#n#3	200
bound#n#4	100
bound#v#1	100
bound#v#2	200
bound#v#3	200
bound#v#4	100
bourbon#n#1	999
bourbon#n#2	000
bourbon#n#3	999
bourbon#n#4	999
bourn#n#1	200
bourn#n#2	200
bow#n#1	100
bow#n#2	100
bow#n#3	500
bow#n#4	100
bow#n#5	100
bow#n#6	200
bow#n#7	100
bow#n#8	100
bow#n#9	100
bow#v#1	200
bow#v#2	200
bow#v#3	200
bow#v#4	200
bow#v#5	100
bower#n#1	100
bower#v#1	100
bowl#n#1	100
bowl#n#2	100
bowl#n#3	100
bowl#n#4	100
bowl#n#5	100
bowl#n#6	100
bowl#n#7	100
bowl#n#8	100
bowl#n#9	200
bowl#v#1	200
bowl#v#2	200
bowl#v#3	200
box#n#1	100
box#n#10	200
box#n#2	100
box#n#3	100
box#n#4	100
box#n#5	100
box#n#6	500
box#n#7	100
box#n#8	100
box#n#9	100
box#v#1	100
box#v#2	200
box#v#3	200
brake#n#1	100
brake#n#2	500
brake#n#3	500
brake#n#4	400
brake#n#5	100
brake#v#1	100
brake#v#2	100
bray#n#1	100
bray#v#1	100
bray#v#2	200
bray#v#3	100
brazier#n#1	100
break#n#1	100
break#n#10	100
break#n#11	100
break#n#12	100
break#n#13	100
break#n#14	100
break#n#15	100
break#n#16	100
break#n#2	100
break#n#3	100
break#n#4	100
break#n#5	100
break#n#6	100
break#n#7	100
break#n#8	100
break#n#9	100
break#v#1	100
break#v#10	100
break#v#11	100
break#v#12	100
break#v#13	100
break#v#14	100
break#v#15	100
break#v#16	100
break#v#17	100
break#v#18	100
break#v#19	100
break#v#2	100
break#v#20	100
break#v#21	100
break#v#22	100
break#v#23	100
break#v#24	100
break#v#25	100
break#v#26	100
break#v#27	100
break#v#28	100
break#v#29	100
break#v#3	100
break#v#30	100
break#v#31	100
break#v#32	100
break#v#33	100
break#v#34	100
break#v#35	100
break#v#36	100
break#v#37	100
break#v#38	100
break#v#39	100
break#v#4	100
break#v#40	100
break#v#41	100
break#v#42	100
break#v#43	100
break#v#44	100
break#v#45	100
break#v#46	100
break#v#47	100
break#v#48	100
break#v#49	100
break#v#5	100
break#v#50	100
break#v#51	100
break#v#52	100
break#v#53	100
break#v#54	100
break#v#55	100
break#v#56	100
break#v#57	100
break#v#58	100
break#v#59	100
break#v#6	100
break#v#7	100
break#v#8	100
break#v#9	100
breeze#n#1	100
breeze#n#2	100
breeze#v#1	100
breeze#v#2	100
briar#n#1	100
briar#n#2	100
briar#n#3	200
briar#n#4	200
bridge#n#1	100
bridge#n#2	100
bridge#n#3	100
bridge#n#4	100
bridge#n#5	200
bridge#n#6	100
bridge#n#7	100
bridge#n#8	100
bridge#n#9	100
bridge#v#1	100
bridge#v#2	100
bridge#v#3	100
brogue#n#1	100
broil#n#1	100
broil#v#1	100
broil#v#2	100
broil#v#3	100
brook#n#1	100
brook#v#1	200
brush#n#1	200
brush#n#2	100
brush#n#3	100
brush#n#4	100
brush#n#5	100
brush#n#6	100
brush#n#7	100
brush#n#8	100
brush#n#9	100
brush#v#1	100
brush#v#2	100
brush#v#3	100
brush#v#4	100
brush#v#5	100
brush#v#6	100
buck#n#1	100
buck#n#2	400
buck#n#3	100
buck#n#4	100
buck#n#5	100
buck#v#1	100
buck#v#2	100
buck#v#3	100
buck#v#4	100
bud#n#1	100
bud#n#2	100
bud#v#1	100
bud#v#2	100
buff#a#1	100
buff#n#1	400
buff#n#2	100
buff#n#3	400
buff#n#4	100
buff#n#5	100
buff#v#1	100
buff#v#2	100
buffer#n#1	100
buffer#n#2	100
buffer#n#3	100
buffer#n#4	100
buffer#n#5	100
buffer#n#6	100
buffer#n#7	100
buffer#v#1	100
buffer#v#2	100
buffet#n#1	100
buffet#n#2	100
buffet#n#3	100
buffet#v#1	200
buffet#v#2	200
bugle#n#1	100
bugle#n#2	200
bugle#n#3	300
bugle#v#1	100
bull#n#1	100
bull#n#10	200
bull#n#11	100
bull#n#2	100
bull#n#3	300
bull#n#4	100
bull#n#5	100
bull#n#6	100
bull#n#7	100
bull#n#8	100
bull#n#9	100
bull#v#1	100
bull#v#2	100
bull#v#3	100
bull#v#4	100
bully#a#1	200
bully#n#1	100
bully#n#2	100
bully#v#1	100
bully#v#2	100
bunk#n#1	100
bunk#n#2	100
bunk#n#3	100
bunk#n#4	100
bunk#n#5	100
bunk#n#6	100
bunk#v#1	300
bunk#v#2	300
bunk#v#3	300
bunt#n#1	100
bunt#n#2	300
bunt#n#3	300
bunt#n#4	300
bunt#v#1	100
bunt#v#2	100
bunting#n#1	200
bunting#n#2	100
burn#n#1	100
burn#n#2	100
burn#n#3	100
burn#n#4	100
burn#n#5	100
burn#v#1	100
burn#v#10	100
burn#v#11	100
burn#v#12	100
burn#v#13	100
burn#v#14	100
burn#v#15	100
burn#v#2	100
burn#v#3	100
burn#v#4	100
burn#v#5	100
burn#v#6	100
burn#v#7	100
burn#v#8	100
burn#v#9	100
bush#a#1	NONE
bush#n#1	100
bush#n#2	100
bush#n#3	100
bush#n#4	999
bush#n#5	100
bush#n#6	999
bush#n#7	100
bush#v#1	200
bust#a#1	200
bust#n#1	200
bust#n#2	200
bust#n#3	100
bust#n#4	200
bust#v#1	200
bust#v#2	200
bust#v#3	200
bust#v#4	200
bust#v#5	200
bustle#n#1	100
bustle#n#2	200
bustle#v#1	100
butt#n#1	300
butt#n#2	300
butt#n#3	200
butt#n#4	300
butt#n#5	200
butt#n#6	300
butt#n#7	300
butt#n#8	600
butt#n#9	300
butt#v#1	300
butt#v#2	100
butt#v#3	300
calf#n#1	100
calf#n#2	200
calf#n#3	100
calf#n#4	100
can#n#1	200
can#n#2	200
can#n#3	200
can#n#4	200
can#n#5	200
can#n#6	200
can#v#1	200
can#v#2	200
canon#n#1	100
canon#n#2	200
canon#n#3	100
canon#n#4	100
canon#n#5	200
canon#n#6	100
cant#n#1	100
cant#n#2	200
cant#n#3	100
cant#n#4	100
cant#n#5	200
cant#v#1	200
cap#n#1	100
cap#n#2	100
cap#n#3	100
cap#n#4	100
cap#n#5	100
cap#n#6	100
cap#n#7	100
cap#n#8	100
cap#n#9	100
cap#v#1	100
cap#v#2	100
cape#n#1	200
cape#n#2	100
caper#n#1	200
caper#n#2	200
caper#n#3	100
caper#n#4	100
caper#n#5	100
caper#n#6	100
caper#v#1	100
capital#a#1	100
capital#a#2	100
capital#a#3	100
capital#n#1	100
capital#n#2	100
capital#n#3	100
capital#n#4	100
capital#n#5	100
capital#n#6	100
capital#n#7	100
capital#n#8	400
card#n#1	100
card#n#10	100
card#n#11	100
card#n#2	100
card#n#3	100
card#n#4	100
card#n#5	100
card#n#6	100
card#n#7	100
card#n#8	100
card#n#9	100
card#v#1	200
card#v#2	200
carnation#a#1	200
carnation#n#1	100
carnation#n#2	100
carp#n#1	100
carp#n#2	100
carp#v#1	200
case#n#1	100
case#n#10	200
case#n#11	100
case#n#12	100
case#n#13	100
case#n#14	100
case#n#15	200
case#n#16	200
case#n#17	200
case#n#18	NONE
case#n#19	200
case#n#2	100
case#n#20	200
case#n#3	100
case#n#4	100
case#n#5	200
case#n#6	100
case#n#7	100
case#n#8	100
case#n#9	100
case#v#1	200
case#v#2	200
cashier#n#1	100
cashier#n#2	100
cashier#v#1	200
cashier#v#2	200
cast#n#1	200
cast#n#2	100
cast#n#3	100
cast#n#4	100
cast#n#5	100
cast#n#6	100
cast#n#7	100
cast#n#8	100
cast#n#9	100
cast#v#1	100
cast#v#10	100
cast#v#11	100
cast#v#2	100
cast#v#3	200
cast#v#4	100
cast#v#5	200
cast#v#6	100
cast#v#7	100
cast#v#8	100
cast#v#9	100
castor#n#1	100
castor#n#2	100
castor#n#3	100
castor#n#4	200
castor#n#5	200
cat#n#1	100
cat#n#2	100
cat#n#3	100
cat#n#4	100
cat#n#5	100
cat#n#6	100
cat#n#7	100
cat#n#8	100
cat#v#1	100
cat#v#2	100
chaff#n#1	100
chaff#n#2	100
chaff#v#1	200
chap#n#1	200
chap#n#2	100
chap#n#3	100
chap#n#4	100
chap#v#1	100
char#n#1	100
char#n#2	200
char#n#3	100
char#v#1	100
char#v#2	100
charger#n#1	100
charger#n#2	100
chase#n#1	100
chase#n#2	999
chase#n#3	300
chase#v#1	100
chase#v#2	100
chase#v#3	100
chase#v#4	100
chat#n#1	100
chat#n#2	200
chat#n#3	200
chat#v#1	100
check#n#1	100
check#n#10	200
check#n#11	100
check#n#12	100
check#n#13	100
check#n#2	100
check#n#3	100
check#n#4	100
check#n#5	100
check#n#6	100
check#n#7	100
check#n#8	100
check#n#9	100
check#v#1	100
check#v#10	100
check#v#11	100
check#v#12	100
check#v#13	100
check#v#14	100
check#v#15	100
check#v#16	100
check#v#17	100
check#v#18	100
check#v#19	200
check#v#2	100
check#v#20	100
check#v#21	100
check#v#22	100
check#v#23	100
check#v#24	100
check#v#25	100
check#v#3	100
check#v#4	100
check#v#5	100
check#v#6	100
check#v#7	100
check#v#8	100
check#v#9	100
cheese#n#1	100
cheese#n#2	100
cheese#v#1	300
cheese#v#2	300
chime#n#1	100
chime#v#1	100
chine#n#1	100
chine#n#2	100
chine#v#1	100
chink#n#1	400
chink#n#2	400
chink#n#3	400
chink#v#1	200
chink#v#2	200
chink#v#3	200
chit#n#1	200
chit#n#2	100
chop#n#1	100
chop#n#2	100
chop#n#3	100
chop#n#4	100
chop#n#5	100
chop#v#1	100
chop#v#2	100
chop#v#3	100
chop#v#4	100
chop#v#5	100
chop#v#6	100
chord#n#1	200
chord#n#2	100
chord#v#1	100
chord#v#2	100
chuck#n#1	600
chuck#n#2	500
chuck#n#3	600
chuck#v#1	100
chuck#v#2	100
chuck#v#3	100
chuck#v#4	100
clamp#n#1	100
clamp#v#1	100
clamp#v#2	100
clap#n#1	100
clap#n#2	200
clap#n#3	100
clap#v#1	100
clap#v#2	100
clap#v#3	100
clap#v#4	100
clap#v#5	100
clap#v#6	100
clap#v#7	100
cleave#v#1	100
cleave#v#2	100
cleave#v#3	100
clink#n#1	100
clink#n#2	200
clink#v#1	100
clink#v#2	100
clinker#n#1	100
clinker#n#2	100
clinker#v#1	100
clinker#v#2	100
clip#n#1	100
clip#n#2	200
clip#n#3	200
clip#n#4	200
clip#n#5	200
clip#n#6	200
clip#v#1	200
clip#v#2	200
clip#v#3	200
clip#v#4	200
clip#v#5	200
close#a#1	100
close#a#10	100
close#a#11	100
close#a#12	100
close#a#13	100
close#a#14	100
close#a#15	100
close#a#2	100
close#a#3	100
close#a#4	100
close#a#5	100
close#a#6	100
close#a#7	100
close#a#8	100
close#a#9	100
close#n#1	200
close#n#2	200
close#n#3	200
close#r#1	100
close#r#2	100
close#v#1	200
close#v#10	100
close#v#11	200
close#v#12	100
close#v#13	200
close#v#14	200
close#v#15	100
close#v#16	200
close#v#17	200
close#v#2	200
close#v#3	200
close#v#4	200
close#v#5	200
close#v#6	200
close#v#7	200
close#v#8	100
close#v#9	200
clove#n#1	200
clove#n#2	200
clove#n#3	100
clove#n#4	200
club#n#1	100
club#n#2	100
club#n#3	200
club#n#4	100
club#n#5	200
club#n#6	200
club#n#7	100
club#v#1	100
club#v#2	100
club#v#3	200
club#v#4	100
clutch#n#1	100
clutch#n#2	100
clutch#n#3	400
clutch#n#4	400
clutch#n#5	100
clutch#n#6	100
clutch#n#7	100
clutch#v#1	100
clutch#v#2	100
clutch#v#3	100
cob#n#1	100
cob#n#2	100
cob#n#3	100
cob#n#4	100
cobble#n#1	100
cobble#v#1	100
cobble#v#2	200
cock#n#1	100
cock#n#2	100
cock#n#3	100
cock#n#4	100
cock#n#5	100
cock#v#1	100
cock#v#2	100
cock#v#3	100
cockle#n#1	100
cockle#n#2	100
cockle#v#1	200
cockle#v#2	200
cod#a#1	999
cod#n#1	100
cod#n#2	100
cod#n#3	100
cod#r#1	999
cod#v#1	200
cod#v#2	200
coil#n#1	100
coil#n#2	100
coil#n#3	100
coil#n#4	100
coil#n#5	100
coil#n#6	100
coil#v#1	100
coil#v#2	100
coil#v#3	100
collect#a#1	100
collect#n#1	500
collect#r#1	100
collect#v#1	100
collect#v#2	100
collect#v#3	100
collect#v#4	100
collect#v#5	100
colon#n#1	200
colon#n#2	0
colon#n#3	0
colon#n#4	200
colon#n#5	100
coma#n#1	100
coma#n#2	200
coma#n#3	200
commune#n#1	100
commune#n#2	100
commune#v#1	200
commune#v#2	200
compact#a#1	100
compact#a#2	100
compact#a#3	100
compact#n#1	100
compact#n#2	200
compact#n#3	100
compact#v#1	100
compact#v#2	100
compact#v#3	100
compact#v#4	100
companion#n#1	100
companion#n#2	100
companion#n#3	100
companion#v#1	100
compound#a#1	100
compound#a#2	100
compound#a#3	100
compound#n#1	100
compound#n#2	100
compound#n#3	400
compound#v#1	100
compound#v#2	100
compound#v#3	100
compound#v#4	100
compound#v#5	100
con#n#1	200
con#n#2	300
con#n#3	100
con#r#1	200
con#v#1	100
con#v#2	100
consort#n#1	100
consort#n#2	200
consort#v#1	100
consort#v#2	100
consort#v#3	100
content#a#1	100
content#n#1	400
content#n#2	400
content#n#3	400
content#n#4	400
content#n#5	400
content#n#6	100
content#n#7	400
content#v#1	100
content#v#2	100
converse#a#1	200
converse#a#2	200
converse#n#1	100
converse#v#1	100
cope#n#1	200
cope#n#2	200
cope#v#1	100
copper#n#1	100
copper#n#2	100
copper#n#3	200
copper#n#4	100
copper#n#5	100
copper#v#1	100
corn#n#1	100
corn#n#2	100
corn#n#3	100
corn#n#4	200
corn#n#5	100
corn#n#6	100
corn#n#7	100
corn#v#1	100
corn#v#2	200
corporal#a#1	200
corporal#a#2	200
corporal#n#1	100
cot#n#1	100
cot#n#2	100
cot#n#3	100
count#n#1	100
count#n#2	100
count#n#3	200
count#v#1	100
count#v#2	100
count#v#3	100
count#v#4	100
count#v#5	100
count#v#6	100
count#v#7	100
count#v#8	100
count#v#9	100
counter#a#1	200
counter#n#1	100
counter#n#2	100
counter#n#3	100
counter#n#4	100
counter#n#5	100
counter#n#6	200
counter#n#7	100
counter#n#8	600
counter#n#9	200
counter#r#1	200
counter#v#1	200
counter#v#2	200
cove#n#1	100
cove#n#2	100
cow#n#1	100
cow#n#2	100
cow#n#3	100
cow#v#1	200
crab#n#1	100
crab#n#2	100
crab#n#3	100
crab#n#4	100
crab#n#5	100
crab#n#6	100
crab#n#7	100
crab#v#1	100
crab#v#2	100
crab#v#3	100
crab#v#4	100
crane#n#1	100
crane#n#2	100
crane#n#3	100
crane#n#4	100
crane#n#5	200
crane#v#1	100
crank#a#1	300
crank#n#1	200
crank#n#2	200
crank#n#3	200
crank#n#4	100
crank#v#1	100
crank#v#2	100
crank#v#3	100
crank#v#4	100
crank#v#5	100
crash#n#1	100
crash#n#2	100
crash#n#3	100
crash#n#4	100
crash#n#5	100
crash#v#1	100
crash#v#10	100
crash#v#11	100
crash#v#12	100
crash#v#13	100
crash#v#2	100
crash#v#3	100
crash#v#4	100
crash#v#5	100
crash#v#6	100
crash#v#7	100
crash#v#8	100
crash#v#9	100
cricket#n#1	100
cricket#n#2	200
cricket#v#1	200
crock#n#1	100
crock#n#2	100
crock#n#3	100
crock#v#1	100
crock#v#2	100
croup#n#1	100
croup#n#2	200
crow#n#1	100
crow#n#2	200
crow#n#3	0
crow#n#4	100
crow#n#5	100
crow#n#6	0
crow#v#1	200
crow#v#2	200
crow#v#3	200
cue#n#1	100
cue#n#2	100
cue#n#3	100
cue#n#4	200
cue#v#1	100
cuff#n#1	100
cuff#n#2	100
cuff#v#1	200
cuff#v#2	100
curry#n#1	100
curry#v#1	100
curry#v#2	100
curry#v#3	100
dab#n#1	100
dab#n#2	100
dab#v#1	100
dab#v#2	100
dam#n#1	100
dam#n#2	100
dam#n#3	200
dam#v#1	100
darn#n#1	200
darn#n#2	200
darn#v#1	100
date#n#1	100
date#n#2	100
date#n#3	100
date#n#4	100
date#n#5	100
date#n#6	100
date#n#7	100
date#n#8	200
date#v#1	100
date#v#2	100
date#v#3	100
date#v#4	100
date#v#5	100
deal#n#1	100
deal#n#2	100
deal#n#3	100
deal#n#4	200
deal#n#5	200
deal#n#6	100
deal#n#7	100
deal#n#8	100
deal#n#9	100
deal#v#1	100
deal#v#10	100
deal#v#11	100
deal#v#12	100
deal#v#13	100
deal#v#2	100
deal#v#3	100
deal#v#4	100
deal#v#5	100
deal#v#6	100
deal#v#7	100
deal#v#8	100
deal#v#9	100
dean#n#1	100
dean#n#2	100
dean#n#3	100
dean#n#4	100
defer#v#1	100
defer#v#2	100
defile#n#1	200
defile#v#1	100
defile#v#2	100
defile#v#3	100
demean#v#1	100
desert#n#1	200
desert#v#1	100
desert#v#2	100
desert#v#3	100
deuce#n#1	100
deuce#n#2	100
deuce#n#3	200
deuce#n#4	100
dicky#a#1	200
dicky#n#1	100
dicky#n#2	100
die#n#1	200
die#n#2	200
die#n#3	200
die#v#1	100
die#v#10	100
die#v#11	100
die#v#2	100
die#v#3	100
die#v#4	100
die#v#5	100
die#v#6	100
die#v#7	200
die#v#8	100
die#v#9	100
diet#n#1	100
diet#n#2	200
diet#n#3	100
diet#n#4	100
diet#v#1	100
diet#v#2	100
distemper#n#1	100
distemper#n#2	100
distemper#n#3	100
distemper#n#4	100
distemper#n#5	100
distemper#v#1	200
divine#a#1	100
divine#a#2	100
divine#a#3	100
divine#a#4	100
divine#a#5	100
divine#a#6	100
divine#n#1	100
divine#n#2	100
divine#v#1	200
divine#v#2	200
do#n#1	100
do#n#2	400
do#n#3	999
do#v#1	100
do#v#10	100
do#v#11	100
do#v#12	100
do#v#13	100
do#v#2	100
do#v#3	100
do#v#4	100
do#v#5	100
do#v#6	100
do#v#7	100
do#v#8	100
do#v#9	100
dock#n#1	500
dock#n#2	600
dock#n#3	100
dock#n#4	100
dock#n#5	100
dock#n#6	200
dock#n#7	200
dock#v#1	100
dock#v#2	200
dock#v#3	200
dock#v#4	200
dock#v#5	100
dodder#n#1	200
dodder#v#1	100
dole#n#1	100
dole#n#2	100
don#n#1	100
don#n#2	100
don#n#3	100
don#n#4	100
don#n#5	100
don#n#6	100
don#v#1	200
dot#n#1	100
dot#n#2	100
dot#n#3	100
dot#n#4	100
dot#v#1	100
dot#v#2	100
dot#v#3	100
dot#v#4	100
down#a#1	100
down#a#2	100
down#a#3	100
down#a#4	100
down#a#5	100
down#a#6	100
down#a#7	100
down#a#8	100
down#a#9	100
down#n#1	600
down#n#2	100
down#n#3	700
down#n#4	700
down#n#5	600
down#r#1	100
down#r#2	100
down#r#3	100
down#r#4	100
down#r#5	100
down#r#6	100
down#v#1	100
down#v#2	100
down#v#3	100
down#v#4	100
down#v#5	100
down#v#6	100
drab#a#1	100
drab#a#2	100
drab#a#3	100
drab#a#4	100
drab#n#1	100
drake#n#1	999
drake#n#2	100
dredge#n#1	100
dredge#v#1	200
dredge#v#2	100
dredge#v#3	100
drill#n#1	100
drill#n#2	500
drill#n#3	100
drill#n#4	100
drill#v#1	100
drill#v#2	100
drill#v#3	100
drill#v#4	100
drill#v#5	100
duck#n#1	100
duck#n#2	500
duck#n#3	100
duck#n#4	400
duck#v#1	200
duck#v#2	200
duck#v#3	200
duck#v#4	200
dun#a#1	100
dun#n#1	100
dun#n#2	100
dun#v#1	200
dun#v#2	200
dun#v#3	200
dun#v#4	200
ear#n#1	100
ear#n#2	100
ear#n#3	100
ear#n#4	100
ear#n#5	200
earnest#a#1	100
earnest#a#2	100
earnest#a#3	100
earnest#n#1	200
egg#n#1	100
egg#n#2	100
egg#n#3	100
egg#v#1	100
egg#v#2	100
elder#a#1	100
elder#n#1	100
elder#n#2	200
elder#n#3	100
entrance#n#1	100
entrance#n#2	100
entrance#n#3	100
entrance#v#1	200
entrance#v#2	200
even#a#1	100
even#a#2	100
even#a#3	100
even#a#4	100
even#a#5	100
even#a#6	100
even#n#1	400
even#r#1	100
even#r#2	100
even#r#3	100
even#r#4	100
even#v#1	100
even#v#2	100
even#v#3	100
excise#n#1	100
excise#v#1	200
excise#v#2	100
excise#v#3	200
fag#n#1	200
fag#n#2	300
fag#v#1	100
fag#v#2	100
fag#v#3	100
fair#a#1	100
fair#a#10	100
fair#a#2	100
fair#a#3	100
fair#a#4	100
fair#a#5	100
fair#a#6	100
fair#a#7	100
fair#a#8	100
fair#a#9	100
fair#n#1	500
fair#n#2	500
fair#n#3	500
fair#n#4	500
fair#r#1	100
fair#r#2	100
fair#v#1	500
fallow#a#1	100
fallow#a#2	100
fallow#n#1	100
fan#n#1	100
fan#n#2	200
fan#n#3	200
fan#v#1	100
fan#v#2	100
fan#v#3	100
fan#v#4	100
fast#a#1	100
fast#a#10	100
fast#a#2	100
fast#a#3	100
fast#a#4	100
fast#a#5	100
fast#a#6	100
fast#a#7	100
fast#a#8	100
fast#a#9	100
fast#n#1	200
fast#r#1	100
fast#r#2	100
fast#v#1	200
fast#v#2	200
fawn#n#1	100
fawn#n#2	100
fawn#v#1	200
fawn#v#2	200
fawn#v#3	100
feint#n#1	100
feint#v#1	100
fell#a#1	400
fell#n#1	500
fell#n#2	200
fell#n#3	200
fell#v#1	100
fell#v#2	100
fell#v#3	100
file#n#1	100
file#n#2	200
file#n#3	100
file#n#4	300
file#v#1	100
file#v#2	300
file#v#3	100
file#v#4	100
file#v#5	100
fine#a#1	100
fine#a#2	100
fine#a#3	100
fine#a#4	100
fine#a#5	100
fine#a#6	100
fine#n#1	200
fine#r#1	100
fine#r#2	100
fine#v#1	200
firm#a#1	100
firm#a#10	100
firm#a#2	100
firm#a#3	100
firm#a#4	100
firm#a#5	100
firm#a#6	100
firm#a#7	100
firm#a#8	100
firm#a#9	100
firm#n#1	400
firm#r#1	100
firm#v#1	100
firm#v#2	100
fish#n#1	100
fish#n#2	100
fish#n#3	100
fish#n#4	100
fish#v#1	100
fish#v#2	100
fit#a#1	100
fit#a#2	100
fit#a#3	100
fit#n#1	200
fit#n#2	200
fit#n#3	200
fit#n#4	200
fit#v#1	100
fit#v#2	100
fit#v#3	100
fit#v#4	100
fit#v#5	100
fit#v#6	100
fit#v#7	100
fit#v#8	100
fit#v#9	100
flag#n#1	100
flag#n#2	100
flag#n#3	300
flag#n#4	100
flag#n#5	100
flag#n#6	200
flag#n#7	100
flag#v#1	100
flag#v#2	100
flag#v#3	100
flag#v#4	100
flag#v#5	100
flat#a#1	100
flat#a#10	100
flat#a#11	100
flat#a#12	100
flat#a#13	100
flat#a#14	100
flat#a#15	100
flat#a#2	100
flat#a#3	100
flat#a#4	100
flat#a#5	100
flat#a#6	100
flat#a#7	100
flat#a#8	100
flat#a#9	100
flat#n#1	100
flat#n#2	100
flat#n#3	100
flat#n#4	100
flat#n#5	100
flat#n#6	100
flat#n#7	200
flat#r#1	100
flat#r#2	100
flaw#n#1	100
flaw#n#2	100
flaw#n#3	100
flaw#v#1	100
fleet#a#1	200
fleet#n#1	100
fleet#n#2	100
fleet#n#3	100
fleet#n#4	100
fleet#v#1	200
fleet#v#2	200
flex#n#1	100
flex#v#1	100
flex#v#2	100
flex#v#3	100
flex#v#4	100
flex#v#5	100
flip#a#1	100
flip#n#1	100
flip#n#2	500
flip#n#3	100
flip#n#4	100
flip#n#5	100
flip#n#6	100
flip#v#1	100
flip#v#10	100
flip#v#11	100
flip#v#2	100
flip#v#3	100
flip#v#4	100
flip#v#5	100
flip#v#6	100
flip#v#7	100
flip#v#8	100
flip#v#9	100
flock#n#1	100
flock#n#2	100
flock#n#3	100
flock#n#4	100
flock#n#5	100
flock#v#1	100
flock#v#2	100
flounce#n#1	200
flounce#n#2	100
flounce#v#1	100
flounder#n#1	200
flounder#n#2	200
flounder#v#1	100
flounder#v#2	100
fluke#n#1	100
fluke#n#2	300
fluke#n#3	300
fluke#n#4	300
fluke#n#5	300
flush#a#1	200
flush#a#2	100
flush#n#1	100
flush#n#2	100
flush#n#3	100
flush#n#4	600
flush#n#5	100
flush#n#6	100
flush#n#7	100
flush#r#1	200
flush#r#2	200
flush#v#1	100
flush#v#2	100
flush#v#3	100
flush#v#4	200
flush#v#5	100
flush#v#6	100
flush#v#7	100
fly#a#1	100
fly#n#1	200
fly#n#2	100
fly#n#3	100
fly#n#4	100
fly#n#5	200
fly#v#1	100
fly#v#10	100
fly#v#11	100
fly#v#12	100
fly#v#13	100
fly#v#14	100
fly#v#2	100
fly#v#3	100
fly#v#4	100
fly#v#5	100
fly#v#6	100
fly#v#7	100
fly#v#8	100
fly#v#9	100
fob#n#1	100
fob#n#2	100
fob#n#3	100
fob#v#1	200
fog#n#1	100
fog#n#2	100
fog#n#3	100
fog#v#1	100
foil#n#1	200
foil#n#2	200
foil#n#3	200
foil#n#4	200
foil#n#5	300
foil#v#1	200
foil#v#2	200
foil#v#3	200
fold#n#1	100
fold#n#2	200
fold#n#3	100
fold#n#4	200
fold#n#5	100
fold#n#6	200
fold#n#7	100
fold#v#1	100
fold#v#2	100
fold#v#3	100
fold#v#4	100
fold#v#5	100
font#n#1	200
font#n#2	100
fool#n#1	100
fool#n#2	100
fool#n#3	100
fool#v#1	100
fool#v#2	100
fool#v#3	100
fool#v#4	100
forbear#n#1	200
forbear#v#1	100
forbear#v#2	100
forearm#n#1	100
forearm#v#1	200
forge#n#1	100
forge#n#2	100
forge#v#1	100
forge#v#2	100
forge#v#3	100
forge#v#4	200
forge#v#5	200
forge#v#6	100
forge#v#7	100
former#a#1	100
former#a#2	100
former#a#3	100
former#a#4	100
former#n#1	100
forte#a#1	200
forte#n#1	100
forte#n#2	200
forte#n#3	100
forte#r#1	200
found#a#1	100
found#n#1	100
found#v#1	200
found#v#2	200
found#v#3	200
founder#n#1	300
founder#n#2	200
founder#n#3	100
founder#v#1	300
founder#v#2	300
founder#v#3	300
founder#v#4	300
fount#n#1	200
fount#n#2	200
frank#a#1	100
frank#a#2	100
frank#n#1	999
frank#n#2	300
frank#v#1	200
frank#v#2	200
fray#n#1	200
fray#v#1	100
fray#v#2	100
fret#n#1	100
fret#n#2	100
fret#n#3	200
fret#n#4	100
fret#v#1	100
fret#v#10	100
fret#v#11	100
fret#v#12	100
fret#v#2	100
fret#v#3	300
fret#v#4	100
fret#v#5	100
fret#v#6	100
fret#v#7	200
fret#v#8	200
fret#v#9	100
frieze#n#1	100
frieze#n#2	200
fritter#n#1	200
fritter#v#1	100
frizzle#v#1	100
frizzle#v#2	100
frog#n#1	100
frog#n#2	100
frog#n#3	200
frog#v#1	100
fry#n#1	200
fry#n#2	200
fry#n#3	200
fry#v#1	100
fry#v#2	100
fry#v#3	100
fuse#n#1	200
fuse#n#2	200
fuse#v#1	100
fuse#v#2	100
fuse#v#3	100
fuse#v#4	100
fuzz#n#1	100
fuzz#n#2	200
fuzz#n#3	100
fuzz#n#4	100
gaff#n#1	100
gaff#n#2	100
gaff#n#3	100
gage#n#1	999
gage#n#2	200
gage#v#1	100
gall#n#1	200
gall#n#2	200
gall#n#3	300
gall#n#4	100
gall#n#5	100
gall#n#6	100
gall#v#1	200
gall#v#2	200
gam#n#1	200
game#a#1	400
game#a#2	100
game#n#1	100
game#n#10	100
game#n#11	100
game#n#2	100
game#n#3	100
game#n#4	100
game#n#5	100
game#n#6	100
game#n#7	100
game#n#8	100
game#n#9	100
game#v#1	100
gammon#n#1	100
gammon#n#2	100
gate#n#1	100
gate#n#2	100
gate#n#3	100
gate#n#4	100
gate#v#1	100
gate#v#2	100
gate#v#3	100
gaudy#a#1	100
gaudy#a#2	100
gaudy#n#1	200
gauntlet#n#1	200
gauntlet#n#2	200
gauntlet#n#3	200
gauntlet#n#4	200
gig#n#1	100
gig#n#2	300
gig#n#3	300
gig#n#4	100
gig#n#5	100
gig#n#6	200
gild#n#1	200
gild#v#1	100
gill#n#1	200
gill#n#2	200
gill#n#3	100
gill#n#4	100
gilt#a#1	100
gilt#n#1	100
gimp#n#1	200
gimp#v#1	200
gin#n#1	100
gin#n#2	200
gin#n#3	200
gin#n#4	100
gin#v#1	200
gin#v#2	200
gird#v#1	100
gird#v#2	100
gird#v#3	100
girdle#n#1	100
girdle#n#2	100
girdle#n#3	100
girdle#v#1	100
girdle#v#2	100
gloss#n#1	200
gloss#n#2	200
gloss#n#3	100
gloss#n#4	100
gloss#v#1	100
gloss#v#2	100
gloss#v#3	100
gloss#v#4	100
gob#n#1	200
gob#n#2	100
gob#n#3	300
gobble#n#1	200
gobble#v#1	100
gobble#v#2	200
goody#n#1	100
gopher#n#1	200
gopher#n#2	200
gopher#n#3	100
gopher#n#4	100
gopher#n#5	200
gore#n#1	300
gore#n#2	100
gore#n#3	300
gore#n#4	100
gore#v#1	200
gore#v#2	200
graft#n#1	100
graft#n#2	200
graft#n#3	100
graft#v#1	100
graft#v#2	100
gram#n#1	100
gram#n#2	100
grate#n#1	200
grate#n#2	100
grate#n#3	200
grate#v#1	200
grate#v#2	100
grate#v#3	200
grate#v#4	200
grate#v#5	200
grave#a#1	200
grave#a#2	200
grave#a#3	200
grave#n#1	100
grave#n#2	100
grave#n#3	100
grave#v#1	300
grave#v#2	300
graze#n#1	200
graze#n#2	200
graze#v#1	100
graze#v#2	200
graze#v#3	100
graze#v#4	200
graze#v#5	100
greet#v#1	100
greet#v#2	100
greet#v#3	100
greet#v#4	100
grizzle#n#1	100
grizzle#v#1	200
grizzle#v#2	200
grouse#n#1	100
grouse#n#2	100
grouse#v#1	100
grouse#v#2	100
gudgeon#n#1	100
gudgeon#n#2	100
gull#n#1	200
gull#n#2	100
gull#v#1	200
gull#v#2	200
gum#n#1	100
gum#n#2	200
gum#n#3	100
gum#n#4	100
gum#n#5	100
gum#n#6	100
gum#v#1	100
gum#v#2	200
gum#v#3	100
gum#v#4	100
guy#n#1	100
guy#n#2	999
guy#n#3	200
guy#v#1	100
guy#v#2	100
hack#n#1	200
hack#n#2	200
hack#n#3	200
hack#n#4	100
hack#n#5	200
hack#n#6	200
hack#n#7	200
hack#n#8	200
hack#v#1	100
hack#v#2	100
hack#v#3	100
hack#v#4	100
hack#v#5	100
hack#v#6	100
hack#v#7	100
hack#v#8	100
hag#n#1	100
hag#n#2	100
hail#n#1	100
hail#n#2	100
hail#n#3	100
hail#v#1	200
hail#v#2	200
hail#v#3	200
hail#v#4	200
hail#v#5	200
hale#a#1	100
hale#n#1	999
hale#n#2	999
hale#n#3	999
hale#v#1	200
hale#v#2	200
halt#a#1	200
halt#n#1	100
halt#n#2	100
halt#n#3	100
halt#v#1	100
halt#v#2	100
halt#v#3	100
halt#v#4	100
hamper#n#1	200
hamper#n#2	200
hamper#v#1	200
hamper#v#2	200
hanger#n#1	100
hanger#n#2	100
harrier#n#1	100
harrier#n#2	200
harrier#n#3	200
hatch#n#1	200
hatch#n#2	200
hatch#n#3	200
hatch#v#1	200
hatch#v#2	200
hatch#v#3	300
hatch#v#4	300
hatch#v#5	200
haw#n#1	100
haw#n#2	200
haw#v#1	None
hawk#n#1	100
hawk#n#2	100
hawk#n#3	400
hawk#v#1	200
hawk#v#2	100
hawk#v#3	300
haze#n#1	100
haze#n#2	100
haze#v#1	100
haze#v#2	100
heel#n#1	100
heel#n#2	100
heel#n#3	100
heel#n#4	100
heel#n#5	200
heel#n#6	100
heel#v#1	200
heel#v#2	200
heel#v#3	100
heel#v#4	100
heel#v#5	200
helm#n#1	100
helm#n#2	100
helm#v#1	100
hero#n#1	0
hero#n#2	0
hero#n#3	0
hero#n#4	999
hero#n#5	0
hero#n#6	200
hero#n#7	0
hide#n#1	200
hide#n#2	200
hide#v#1	100
hide#v#2	100
hide#v#3	100
hide#v#4	100
hind#a#1	100
hind#n#1	200
hind#n#2	200
hinder#a#1	200
hinder#v#1	100
hinder#v#2	100
hinder#v#3	100
hip#a#1	500
hip#n#1	100
hip#n#2	100
hip#n#3	100
hip#n#4	100
hip#n#5	200
hob#n#1	200
hob#n#2	200
hob#n#3	100
hob#n#4	100
hob#v#1	100
hobby#n#1	100
hobby#n#2	100
hobby#n#3	200
hock#n#1	300
hock#n#2	100
hock#v#1	200
hock#v#2	200
hold#n#1	100
hold#n#2	100
hold#n#3	100
hold#n#4	100
hold#n#5	100
hold#n#6	100
hold#n#7	100
hold#n#8	100
hold#n#9	200
hold#v#1	100
hold#v#10	100
hold#v#11	100
hold#v#12	100
hold#v#13	100
hold#v#14	100
hold#v#15	100
hold#v#16	100
hold#v#17	100
hold#v#18	100
hold#v#19	100
hold#v#2	100
hold#v#20	100
hold#v#21	100
hold#v#22	100
hold#v#23	100
hold#v#24	100
hold#v#25	100
hold#v#26	100
hold#v#27	100
hold#v#28	100
hold#v#29	100
hold#v#3	100
hold#v#30	100
hold#v#31	100
hold#v#32	100
hold#v#33	100
hold#v#34	100
hold#v#35	100
hold#v#36	100
hold#v#4	100
hold#v#5	100
hold#v#6	100
hold#v#7	100
hold#v#8	100
hold#v#9	100
hood#n#1	200
hood#n#10	100
hood#n#2	100
hood#n#3	300
hood#n#4	100
hood#n#5	100
hood#n#6	100
hood#n#7	100
hood#n#8	100
hood#n#9	100
hood#v#1	100
hop#n#1	100
hop#n#2	200
hop#n#3	100
hop#v#1	100
hop#v#2	100
hop#v#3	100
hop#v#4	100
hop#v#5	100
hop#v#6	100
hopper#n#1	100
hopper#n#2	100
hopper#n#3	200
hopper#n#4	100
hopper#n#5	100
host#n#1	100
host#n#10	100
host#n#2	200
host#n#3	100
host#n#4	100
host#n#5	200
host#n#6	100
host#n#7	100
host#n#8	100
host#n#9	300
host#v#1	100
hoy#n#1	200
hull#n#1	200
hull#n#2	200
hull#n#3	100
hull#n#4	100
hull#n#5	100
hull#n#6	100
hull#v#1	200
husky#a#1	100
husky#a#2	100
husky#n#1	200
impost#n#1	100
impost#n#2	200
impress#n#1	200
impress#v#1	100
impress#v#2	100
impress#v#3	100
impress#v#4	100
impress#v#5	100
impress#v#6	100
impress#v#7	100
incense#n#1	100
incense#n#2	100
incense#v#1	100
incense#v#2	200
inch#n#1	100
inch#n#2	100
inch#v#1	100
invalid#a#1	200
invalid#a#2	200
invalid#n#1	100
invalid#v#1	100
invalid#v#2	100
jack#n#1	100
jack#n#10	100
jack#n#11	100
jack#n#12	100
jack#n#2	100
jack#n#3	100
jack#n#4	100
jack#n#5	100
jack#n#6	100
jack#n#7	100
jack#n#8	100
jack#n#9	100
jack#v#1	100
jack#v#2	100
jade#a#1	100
jade#n#1	100
jade#n#2	200
jade#n#3	100
jade#n#4	200
jade#v#1	None
jade#v#2	None
jag#n#1	100
jag#n#2	100
jag#n#3	100
jag#n#4	100
jag#v#1	100
jam#n#1	200
jam#n#2	100
jam#n#3	100
jam#n#4	100
jam#v#1	100
jam#v#2	100
jam#v#3	100
jam#v#4	100
jam#v#5	100
jam#v#6	100
jam#v#7	100
jar#n#1	100
jar#n#2	100
jar#n#3	200
jar#v#1	200
jar#v#2	200
jar#v#3	200
jar#v#4	200
jar#v#5	200
jerk#n#1	100
jerk#n#2	100
jerk#n#3	100
jerk#n#4	200
jerk#n#5	100
jerk#n#6	100
jerk#v#1	100
jerk#v#2	100
jerk#v#3	100
jerk#v#4	100
jerk#v#5	100
jerry#n#1	400
jet#a#1	200
jet#n#1	100
jet#n#2	100
jet#n#3	200
jet#n#4	100
jet#n#5	200
jet#n#6	100
jet#v#1	100
jet#v#2	100
jib#n#1	100
jib#v#1	200
jib#v#2	200
jigger#n#1	100
jigger#n#2	100
jigger#n#3	100
job#n#1	100
job#n#10	100
job#n#11	100
job#n#12	999
job#n#13	100
job#n#2	100
job#n#3	100
job#n#4	100
job#n#5	100
job#n#6	100
job#n#7	100
job#n#8	100
job#n#9	999
job#v#1	100
job#v#2	100
job#v#3	100
job#v#4	100
jumper#n#1	200
jumper#n#2	200
jumper#n#3	100
jumper#n#4	100
jumper#n#5	200
jumper#n#6	100
jumper#n#7	100
jumper#n#8	200
junk#n#1	100
junk#n#2	200
junk#v#1	100
keel#n#1	100
keel#n#2	100
keel#n#3	100
keel#v#1	100
keen#a#1	100
keen#a#2	100
keen#a#3	100
keen#a#4	100
keen#a#5	100
keen#n#1	200
keen#v#1	200
kern#n#1	100
kern#n#2	100
kern#v#1	100
kern#v#2	100
key#a#1	100
key#n#1	100
key#n#10	100
key#n#11	100
key#n#12	100
key#n#13	100
key#n#14	100
key#n#15	100
key#n#2	100
key#n#3	100
key#n#4	100
key#n#5	100
key#n#6	100
key#n#7	100
key#n#8	400
key#n#9	100
key#v#1	100
key#v#2	100
key#v#3	100
key#v#4	100
key#v#5	100
kid#n#1	100
kid#n#2	100
kid#n#3	999
kid#n#4	100
kid#n#5	100
kid#v#1	200
kid#v#2	200
kind#a#1	200
kind#a#2	200
kind#a#3	200
kind#n#1	100
kit#n#1	100
kit#n#2	100
kit#n#3	200
kit#v#1	100
kitty#n#1	100
kitty#n#2	100
kitty#n#3	200
kitty#n#4	200
knoll#n#1	100
knot#n#1	100
knot#n#2	100
knot#n#3	100
knot#n#4	100
knot#n#5	100
knot#n#6	100
knot#n#7	200
knot#v#1	100
knot#v#2	100
knot#v#3	100
lag#n#1	100
lag#n#2	100
lag#n#3	100
lag#v#1	100
lag#v#2	300
lag#v#3	100
lag#v#4	100
lake#n#1	100
lake#n#2	200
lake#n#3	200
lap#n#1	100
lap#n#2	200
lap#n#3	100
lap#n#4	200
lap#n#5	200
lap#n#6	300
lap#v#1	200
lap#v#2	200
lap#v#3	300
lap#v#4	200
lap#v#5	300
lark#n#1	100
lark#n#2	100
lark#n#3	100
lark#n#4	200
lark#v#1	200
last#a#1	100
last#a#2	100
last#a#3	100
last#a#4	100
last#a#5	100
last#a#6	100
last#a#7	100
last#a#8	100
last#a#9	100
last#n#1	100
last#n#2	100
last#n#3	100
last#n#4	100
last#n#5	100
last#n#6	100
last#n#7	100
last#n#8	500
last#r#1	100
last#r#2	100
last#v#1	400
last#v#2	400
launch#n#1	200
launch#n#2	100
launch#v#1	100
launch#v#2	100
launch#v#3	100
launch#v#4	100
launch#v#5	100
launch#v#6	100
laver#n#1	100
laver#n#2	200
laver#n#3	100
laver#n#4	100
lawn#n#1	100
lax#a#1	100
lax#a#2	100
lax#a#3	100
lax#a#4	100
lay#a#1	200
lay#a#2	200
lay#n#1	300
lay#n#2	300
lay#v#1	100
lay#v#2	100
lay#v#3	100
lay#v#4	100
lay#v#5	100
lead#n#1	100
lead#n#10	100
lead#n#11	100
lead#n#12	100
lead#n#13	100
lead#n#14	200
lead#n#15	200
lead#n#16	200
lead#n#17	100
lead#n#2	200
lead#n#3	100
lead#n#4	100
lead#n#5	100
lead#n#6	100
lead#n#7	100
lead#n#8	100
lead#n#9	100
lead#v#1	100
lead#v#10	100
lead#v#11	100
lead#v#12	100
lead#v#13	100
lead#v#14	100
lead#v#2	100
lead#v#3	100
lead#v#4	100
lead#v#5	100
lead#v#6	100
lead#v#7	100
lead#v#8	100
lead#v#9	100
leading#a#1	100
leading#a#2	100
leading#a#3	100
leading#a#4	100
leading#n#1	100
leading#n#2	100
league#n#1	100
league#n#2	100
league#n#3	200
league#v#1	200
lean#a#1	200
lean#a#2	200
lean#a#3	200
lean#a#4	200
lean#n#1	100
lean#v#1	100
lean#v#2	100
lean#v#3	100
lean#v#4	100
lean#v#5	100
leave#n#1	100
leave#n#2	200
leave#n#3	100
leave#v#1	100
leave#v#10	100
leave#v#11	100
leave#v#12	100
leave#v#13	100
leave#v#14	100
leave#v#2	100
leave#v#3	100
leave#v#4	100
leave#v#5	100
leave#v#6	100
leave#v#7	100
leave#v#8	100
leave#v#9	100
leech#n#1	100
leech#n#2	100
leech#v#1	100
let#n#1	200
let#n#2	200
let#v#1	100
let#v#2	100
let#v#3	100
let#v#4	100
let#v#5	100
let#v#6	100
lie#n#1	200
lie#n#2	100
lie#n#3	100
lie#v#1	100
lie#v#2	100
lie#v#3	100
lie#v#4	100
lie#v#5	200
lie#v#6	100
lie#v#7	100
light#a#1	400
light#a#10	100
light#a#11	400
light#a#12	400
light#a#13	400
light#a#14	400
light#a#15	400
light#a#16	400
light#a#17	400
light#a#18	400
light#a#19	400
light#a#2	100
light#a#20	400
light#a#21	400
light#a#22	400
light#a#23	400
light#a#24	400
light#a#25	400
light#a#3	400
light#a#4	400
light#a#5	400
light#a#6	100
light#a#7	400
light#a#8	400
light#a#9	400
light#n#1	100
light#n#10	100
light#n#11	100
light#n#12	100
light#n#13	100
light#n#14	100
light#n#15	100
light#n#2	100
light#n#3	100
light#n#4	100
light#n#5	100
light#n#6	100
light#n#7	100
light#n#8	100
light#n#9	100
light#r#1	400
light#v#1	100
light#v#2	100
light#v#3	500
light#v#4	100
light#v#5	500
light#v#6	500
limb#n#1	100
limb#n#2	100
limb#n#3	200
limb#n#4	100
limb#n#5	200
limb#n#6	100
limber#a#1	100
limber#a#2	100
limber#a#3	100
limber#n#1	200
limber#v#1	200
limber#v#2	100
lime#n#1	100
lime#n#2	100
lime#n#3	100
lime#n#4	200
lime#n#5	200
lime#n#6	200
lime#v#1	100
lime#v#2	200
limp#a#1	200
limp#a#2	200
limp#n#1	100
limp#v#1	100
limp#v#2	100
line#n#1	100
line#n#10	100
line#n#11	100
line#n#12	100
line#n#13	100
line#n#14	100
line#n#15	100
line#n#16	100
line#n#17	100
line#n#18	100
line#n#19	100
line#n#2	100
line#n#20	100
line#n#21	100
line#n#22	100
line#n#23	100
line#n#24	100
line#n#25	100
line#n#26	100
line#n#27	100
line#n#28	100
line#n#29	100
line#n#3	100
line#n#30	100
line#n#4	100
line#n#5	100
line#n#6	100
line#n#7	100
line#n#8	100
line#n#9	100
line#v#1	100
line#v#2	200
line#v#3	100
line#v#4	100
line#v#5	200
line#v#6	200
liner#n#1	200
liner#n#2	200
liner#n#3	200
liner#n#4	100
ling#n#1	200
ling#n#2	200
ling#n#3	100
ling#n#4	100
ling#n#5	100
link#n#1	100
link#n#2	100
link#n#3	100
link#n#4	100
link#n#5	100
link#n#6	100
link#n#7	100
link#n#8	100
link#n#9	100
link#v#1	100
link#v#2	100
link#v#3	100
link#v#4	100
list#n#1	100
list#n#2	200
list#v#1	100
list#v#2	100
list#v#3	200
list#v#4	200
list#v#5	100
live#a#1	200
live#a#10	200
live#a#11	200
live#a#2	200
live#a#3	200
live#a#4	200
live#a#5	200
live#a#6	200
live#a#7	200
live#a#8	200
live#a#9	200
live#r#1	200
live#v#1	100
live#v#2	100
live#v#3	100
live#v#4	100
live#v#5	100
live#v#6	100
live#v#7	100
loaf#n#1	100
loaf#n#2	100
loaf#v#1	200
loaf#v#2	200
lock#n#1	100
lock#n#2	200
lock#n#3	100
lock#n#4	100
lock#n#5	100
lock#n#6	100
lock#v#1	100
lock#v#2	100
lock#v#3	100
lock#v#4	100
lock#v#5	100
lock#v#6	100
lock#v#7	100
lock#v#8	100
lock#v#9	100
log#n#1	100
log#n#2	100
log#n#3	100
log#n#4	100
log#n#5	100
log#v#1	100
log#v#2	100
long#a#1	100
long#a#2	100
long#a#3	100
long#a#4	100
long#a#5	100
long#a#6	100
long#a#7	100
long#a#8	100
long#a#9	100
long#r#1	100
long#r#2	100
long#v#1	400
loom#n#1	100
loom#v#1	200
loom#v#2	200
loom#v#3	200
loom#v#4	100
loon#n#1	100
loon#n#2	200
loon#n#3	100
lop#v#1	100
lop#v#2	100
lore#n#1	100
low#a#1	100
low#a#10	100
low#a#2	100
low#a#3	100
low#a#4	100
low#a#5	100
low#a#6	100
low#a#7	100
low#a#8	100
low#a#9	100
low#n#1	100
low#n#2	999
low#n#3	100
low#n#4	100
low#r#1	100
low#v#1	200
lower#n#1	100
lower#v#1	100
lower#v#2	100
lower#v#3	100
lower#v#4	100
lower#v#5	100
lowering#a#1	200
lowering#n#1	100
lowering#n#2	100
lug#n#1	200
lug#n#2	200
lug#n#3	200
lug#n#4	300
lug#v#1	100
lug#v#2	100
lumber#n#1	200
lumber#n#2	200
lumber#v#1	100
lumber#v#2	200
lump#n#1	100
lump#n#2	100
lump#n#3	100
lump#n#4	100
lump#v#1	100
lump#v#2	100
lunge#n#1	100
lunge#n#2	100
lunge#v#1	100
lurch#n#1	100
lurch#n#2	200
lurch#n#3	100
lurch#n#4	200
lurch#v#1	100
lurch#v#2	100
lurch#v#3	100
lurch#v#4	100
lurch#v#5	100
lush#a#1	100
lush#a#2	100
lush#a#3	100
lush#n#1	200
lustre#n#1	100
lustre#n#2	100
lustre#n#3	100
lute#n#1	200
lute#n#2	100
lying#n#1	200
mace#n#1	200
mace#n#2	100
mace#n#3	200
mace#n#4	100
mail#n#1	100
mail#n#2	100
mail#n#3	100
mail#n#4	100
mail#n#5	200
mail#v#1	100
mail#v#2	100
main#a#1	100
main#a#2	100
main#a#3	100
main#n#1	100
main#n#2	100
mamma#n#1	100
mamma#n#2	100
mandarin#n#1	200
mandarin#n#2	100
mandarin#n#3	100
mandarin#n#4	100
mandarin#n#5	200
mandarin#n#6	100
mangle#n#1	200
mangle#v#1	200
mangle#v#2	200
mangle#v#3	200
mangle#v#4	200
march#n#1	100
march#n#2	100
march#n#3	100
march#n#4	100
march#n#5	200
march#n#6	100
march#n#7	999
march#v#1	100
march#v#2	100
march#v#3	100
march#v#4	100
march#v#5	100
march#v#6	100
march#v#7	200
mark#n#1	100
mark#n#10	100
mark#n#11	100
mark#n#12	100
mark#n#13	100
mark#n#14	100
mark#n#15	100
mark#n#2	100
mark#n#3	100
mark#n#4	100
mark#n#5	100
mark#n#6	100
mark#n#7	200
mark#n#8	100
mark#n#9	100
mark#v#1	100
mark#v#10	100
mark#v#11	100
mark#v#12	100
mark#v#13	100
mark#v#14	100
mark#v#15	100
mark#v#2	100
mark#v#3	100
mark#v#4	100
mark#v#5	100
mark#v#6	100
mark#v#7	100
mark#v#8	100
mark#v#9	100
maroon#a#1	100
maroon#n#1	200
maroon#n#2	100
maroon#n#3	200
maroon#v#1	200
maroon#v#2	200
mast#n#1	100
mast#n#2	200
mast#n#3	200
mast#n#4	100
mat#a#1	300
mat#n#1	100
mat#n#2	100
mat#n#3	100
mat#n#4	100
mat#n#5	100
mat#n#6	300
mat#n#7	100
mat#v#1	100
mat#v#2	100
match#n#1	200
match#n#2	100
match#n#3	200
match#n#4	200
match#n#5	100
match#n#6	100
match#n#7	100
match#n#8	100
match#n#9	100
match#v#1	100
match#v#10	100
match#v#2	100
match#v#3	100
match#v#4	100
match#v#5	100
match#v#6	100
match#v#7	100
match#v#8	100
match#v#9	100
mate#n#1	100
mate#n#10	200
mate#n#2	100
mate#n#3	100
mate#n#4	100
mate#n#5	100
mate#n#6	100
mate#n#7	100
mate#n#8	100
mate#n#9	100
mate#v#1	100
mate#v#2	100
mate#v#3	100
may#n#1	200
may#n#2	200
mead#n#1	100
mead#n#2	100
mead#n#3	100
meal#n#1	100
meal#n#2	100
meal#n#3	200
mean#a#1	300
mean#a#2	200
mean#a#3	200
mean#a#4	200
mean#a#5	200
mean#a#6	200
mean#a#7	200
mean#a#8	200
mean#n#1	300
mean#v#1	100
mean#v#2	100
mean#v#3	100
mean#v#4	100
mean#v#5	100
mean#v#6	100
mean#v#7	100
meet#a#1	200
meet#n#1	100
meet#v#1	100
meet#v#10	100
meet#v#11	100
meet#v#12	100
meet#v#13	100
meet#v#2	100
meet#v#3	100
meet#v#4	100
meet#v#5	100
meet#v#6	100
meet#v#7	100
meet#v#8	100
meet#v#9	100
mere#a#1	100
mere#a#2	100
mere#n#1	200
meter#n#1	100
meter#n#2	100
meter#n#3	100
meter#n#4	100
meter#v#1	200
meter#v#2	200
metre#n#1	100
metre#n#2	300
metre#n#3	300
mew#n#1	100
mew#n#2	100
mew#v#1	100
mew#v#2	100
might#n#1	200
mint#a#1	200
mint#n#1	200
mint#n#2	100
mint#n#3	100
mint#n#4	100
mint#n#5	100
mint#n#6	200
mint#v#1	200
minute#a#1	200
minute#a#2	200
minute#n#1	100
minute#n#2	100
minute#n#3	100
minute#n#4	100
minute#n#5	100
minute#n#6	100
miss#n#1	200
miss#n#2	100
miss#n#3	200
miss#v#1	100
miss#v#2	100
miss#v#3	100
miss#v#4	100
miss#v#5	100
miss#v#6	100
miss#v#7	100
miss#v#8	100
miss#v#9	100
mister#n#1	100
mite#n#1	200
mite#n#2	200
mizzle#n#1	100
mizzle#v#1	100
mole#n#1	400
mole#n#2	100
mole#n#3	600
mole#n#4	200
mole#n#5	300
mole#n#6	100
mood#n#1	100
mood#n#2	100
mood#n#3	200
moor#n#1	100
moor#n#2	100
moor#v#1	200
moor#v#2	200
moor#v#3	200
mop#n#1	100
mop#v#1	100
mop#v#2	100
mortar#n#1	100
mortar#n#2	200
mortar#n#3	100
mortar#v#1	100
mould#n#1	300
mould#n#2	100
mould#n#3	200
mould#n#4	200
mould#n#5	100
mould#n#6	100
mould#n#7	100
mould#n#8	100
mould#v#1	100
mould#v#2	100
mould#v#3	100
mound#n#1	100
mound#n#2	100
mound#n#3	100
mound#n#4	100
mound#n#5	100
mound#v#1	100
mount#n#1	100
mount#n#2	100
mount#n#3	200
mount#n#4	200
mount#n#5	100
mount#v#1	100
mount#v#2	100
mount#v#3	100
mount#v#4	100
mount#v#5	100
mount#v#6	100
mount#v#7	100
mount#v#8	100
mow#n#1	200
mow#v#1	100
mow#v#2	200
muff#n#1	100
muff#n#2	200
muff#v#1	200
muff#v#2	200
mug#n#1	100
mug#n#2	100
mug#n#3	100
mug#n#4	100
mug#v#1	100
mull#n#1	400
mull#n#2	999
mull#v#1	100
mull#v#2	200
mum#a#1	200
mum#n#1	100
mum#n#2	100
mum#n#3	100
mummy#n#1	200
mummy#n#2	100
muse#n#1	NONE
muse#n#2	100
muse#v#1	NONE
must#a#1	100
must#n#1	100
must#n#2	200
must#n#3	300
mystery#n#1	100
mystery#n#2	100
nag#n#1	100
nag#n#2	200
nag#v#1	100
nag#v#2	100
nag#v#3	100
nap#n#1	100
nap#n#2	200
nap#n#3	200
nap#n#4	100
nap#n#5	300
nap#v#1	100
nave#n#1	100
neat#a#1	100
neat#a#2	100
neat#a#3	100
neat#a#4	100
neat#a#5	100
neat#a#6	100
net#a#1	200
net#a#2	200
net#n#1	100
net#n#2	100
net#n#3	100
net#n#4	100
net#n#5	100
net#n#6	100
net#v#1	200
net#v#2	200
net#v#3	200
net#v#4	200
nip#n#1	200
nip#n#2	200
nip#n#3	200
nip#n#4	200
nip#n#5	200
nip#n#6	200
nip#v#1	100
nip#v#2	100
nip#v#3	100
nob#n#1	100
noodle#n#1	100
noodle#n#2	200
oblate#a#1	100
oblate#n#1	200
ooze#n#1	100
ooze#n#2	100
ooze#v#1	100
ooze#v#2	100
oratory#n#1	200
ounce#n#1	100
ounce#n#2	100
ounce#n#3	200
pack#n#1	100
pack#n#2	100
pack#n#3	100
pack#n#4	100
pack#n#5	100
pack#n#6	100
pack#n#7	100
pack#n#8	100
pack#n#9	100
pack#v#1	100
pack#v#10	100
pack#v#11	100
pack#v#12	100
pack#v#13	100
pack#v#2	100
pack#v#3	100
pack#v#4	100
pack#v#5	200
pack#v#6	100
pack#v#7	100
pack#v#8	100
pack#v#9	100
pad#n#1	100
pad#n#2	100
pad#n#3	100
pad#n#4	100
pad#n#5	100
pad#n#6	100
pad#n#7	100
pad#v#1	100
pad#v#2	200
pad#v#3	100
pad#v#4	100
paddle#n#1	100
paddle#n#2	100
paddle#n#3	100
paddle#n#4	100
paddle#v#1	100
paddle#v#2	100
paddle#v#3	100
paddle#v#4	200
paddle#v#5	100
paddle#v#6	100
paddy#n#1	100
paddy#n#2	100
paddy#n#3	100
page#n#1	100
page#n#2	999
page#n#3	999
page#n#4	200
page#n#5	200
page#n#6	200
page#v#1	200
page#v#2	200
page#v#3	200
pale#a#1	100
pale#a#2	100
pale#a#3	100
pale#a#4	100
pale#a#5	100
pale#n#1	200
pale#v#1	100
pall#n#1	100
pall#n#2	100
pall#n#3	100
pall#v#1	200
pall#v#2	200
pall#v#3	200
pall#v#4	200
pall#v#5	200
pall#v#6	200
pall#v#7	200
pall#v#8	200
palladium#n#1	100
pallet#n#1	200
pallet#n#2	200
pallet#n#3	200
pallet#n#4	100
pallet#n#5	200
palm#n#1	200
palm#n#2	200
palm#n#3	100
palm#n#4	100
palm#v#1	200
panic#n#1	100
panic#n#2	100
panic#v#1	100
panic#v#2	100
pap#n#1	100
pap#n#2	100
pap#n#3	200
party#n#1	100
party#n#2	100
party#n#3	100
party#n#4	100
party#n#5	100
party#v#1	100
pass#a#1	100
pass#n#1	100
pass#n#10	100
pass#n#11	100
pass#n#12	100
pass#n#13	100
pass#n#14	100
pass#n#15	100
pass#n#16	100
pass#n#2	100
pass#n#3	100
pass#n#4	200
pass#n#5	100
pass#n#6	100
pass#n#7	100
pass#n#8	100
pass#n#9	100
pass#v#1	100
pass#v#10	100
pass#v#11	100
pass#v#12	100
pass#v#13	100
pass#v#14	100
pass#v#15	100
pass#v#16	100
pass#v#17	100
pass#v#18	100
pass#v#19	100
pass#v#2	100
pass#v#20	100
pass#v#21	100
pass#v#22	100
pass#v#23	100
pass#v#24	100
pass#v#25	100
pass#v#3	100
pass#v#4	100
pass#v#5	100
pass#v#6	100
pass#v#7	100
pass#v#8	100
pass#v#9	100
pasty#a#1	200
pasty#a#2	200
pasty#n#1	100
pasty#n#2	100
patter#n#1	200
patter#n#2	100
patter#v#1	100
patter#v#2	100
pawn#n#1	200
pawn#n#2	100
pawn#n#3	100
pawn#n#4	200
pawn#v#1	200
pay#n#1	100
pay#v#1	100
pay#v#10	100
pay#v#11	100
pay#v#2	100
pay#v#3	100
pay#v#4	100
pay#v#5	100
pay#v#6	100
pay#v#7	100
pay#v#8	100
pay#v#9	100
peach#n#1	100
peach#n#2	100
peach#n#3	100
peach#n#4	100
peach#v#1	200
peak#n#1	100
peak#n#2	100
peak#n#3	100
peak#n#4	100
peak#n#5	100
peak#n#6	100
peak#n#7	100
peak#v#1	100
peck#n#1	200
peck#n#2	200
peck#n#3	200
peck#v#1	100
peck#v#2	100
peck#v#3	100
peck#v#4	100
peck#v#5	100
peel#n#1	999
peel#n#2	100
peel#v#1	100
peel#v#2	100
peel#v#3	100
peep#n#1	200
peep#n#2	100
peep#v#1	100
peep#v#2	100
peep#v#3	100
peep#v#4	100
peep#v#5	100
peer#n#1	200
peer#n#2	200
peer#v#1	100
pelt#n#1	200
pelt#n#2	200
pelt#v#1	100
pelt#v#2	100
pelt#v#3	100
pen#n#1	100
pen#n#2	200
pen#n#3	200
pen#n#4	600
pen#n#5	500
pen#v#1	100
perch#n#1	100
perch#n#2	300
perch#n#3	300
perch#n#4	100
perch#n#5	200
perch#n#6	200
perch#n#7	200
perch#v#1	100
perch#v#2	100
perch#v#3	100
periwinkle#n#1	100
periwinkle#n#2	100
periwinkle#n#3	100
periwinkle#n#4	200
pet#a#1	100
pet#n#1	100
pet#n#2	100
pet#n#3	200
pet#n#4	100
pet#v#1	100
pet#v#2	100
phoenix#n#1	999
phoenix#n#2	999
phoenix#n#3	0
phoenix#n#4	200
phone#n#1	100
phone#n#2	200
phone#n#3	100
phone#v#1	100
pick#n#1	100
pick#n#2	100
pick#n#3	100
pick#n#4	100
pick#n#5	100
pick#n#6	100
pick#n#7	100
pick#n#8	100
pick#n#9	100
pick#v#1	100
pick#v#10	100
pick#v#11	100
pick#v#12	100
pick#v#2	100
pick#v#3	100
pick#v#4	100
pick#v#5	100
pick#v#6	100
pick#v#7	100
pick#v#8	100
pick#v#9	100
pie#n#1	100
pie#n#2	100
pigeon#n#1	100
pike#n#1	300
pike#n#2	300
pike#n#3	300
pike#n#4	200
pike#n#5	300
pile#n#1	100
pile#n#2	100
pile#n#3	100
pile#n#4	500
pile#n#5	100
pile#n#6	200
pile#n#7	500
pile#n#8	100
pile#v#1	100
pile#v#2	100
pile#v#3	100
pine#n#1	100
pine#n#2	100
pine#v#1	200
pinion#n#1	200
pinion#n#2	100
pinion#n#3	100
pinion#v#1	100
pinion#v#2	100
pink#a#1	100
pink#n#1	100
pink#n#2	400
pink#n#3	100
pink#v#1	700
pink#v#2	700
pink#v#3	100
pip#n#1	400
pip#n#2	400
pip#n#3	100
pip#n#4	200
pip#n#5	200
pip#v#1	600
pip#v#2	600
pip#v#3	600
pitch#n#1	100
pitch#n#10	100
pitch#n#2	100
pitch#n#3	100
pitch#n#4	100
pitch#n#5	100
pitch#n#6	200
pitch#n#7	100
pitch#n#8	100
pitch#n#9	100
pitch#v#1	100
pitch#v#10	100
pitch#v#11	100
pitch#v#12	100
pitch#v#2	100
pitch#v#3	100
pitch#v#4	100
pitch#v#5	100
pitch#v#6	100
pitch#v#7	100
pitch#v#8	100
pitch#v#9	100
pitcher#n#1	200
pitcher#n#2	100
pitcher#n#3	100
pitcher#n#4	100
pitcher#n#5	200
plane#a#1	100
plane#n#1	200
plane#n#2	100
plane#n#3	100
plane#n#4	300
plane#n#5	300
plane#v#1	300
plane#v#2	100
plane#v#3	300
plantain#n#1	100
plantain#n#2	100
plantain#n#3	200
plight#n#1	100
plight#n#2	100
plight#v#1	200
plight#v#2	200
plump#a#1	100
plump#n#1	200
plump#r#1	200
plump#v#1	200
plump#v#2	200
plump#v#3	200
plump#v#4	200
ply#n#1	100
ply#n#2	100
ply#v#1	200
ply#v#2	200
ply#v#3	200
ply#v#4	200
ply#v#5	200
ply#v#6	200
poach#v#1	200
poach#v#2	100
poke#n#1	300
poke#n#2	300
poke#n#3	200
poke#n#4	100
poke#n#5	300
poke#v#1	100
poke#v#2	100
poke#v#3	100
poke#v#4	100
poke#v#5	100
pole#n#1	100
pole#n#10	200
pole#n#2	500
pole#n#3	200
pole#n#4	300
pole#n#5	300
pole#n#6	200
pole#n#7	200
pole#n#8	200
pole#n#9	100
pole#v#1	100
pole#v#2	100
pole#v#3	100
policy#n#1	100
policy#n#2	100
policy#n#3	200
pontoon#n#1	100
pontoon#n#2	100
pool#n#1	100
pool#n#2	100
pool#n#3	200
pool#n#4	200
pool#n#5	200
pool#n#6	100
pool#n#7	200
pool#n#8	100
pool#n#9	200
pool#v#1	200
pool#v#2	200
pop#a#1	200
pop#n#1	600
pop#n#2	100
pop#n#3	100
pop#n#4	600
pop#r#1	100
pop#v#1	100
pop#v#10	100
pop#v#11	100
pop#v#12	100
pop#v#13	100
pop#v#2	100
pop#v#3	100
pop#v#4	100
pop#v#5	100
pop#v#6	100
pop#v#7	100
pop#v#8	100
pop#v#9	100
pope#n#1	100
pope#n#2	999
pore#n#1	100
pore#n#2	100
pore#n#3	100
pore#v#1	200
port#a#1	100
port#n#1	100
port#n#2	200
port#n#3	400
port#n#4	300
port#n#5	400
port#v#1	300
port#v#2	300
port#v#3	300
port#v#4	300
port#v#5	300
port#v#6	300
port#v#7	300
port#v#8	500
portal#n#1	100
portal#n#2	100
portal#n#3	200
porter#n#1	100
porter#n#2	200
porter#n#3	100
porter#n#4	100
porter#n#5	100
porter#n#6	100
porter#n#7	100
porter#v#1	100
pose#n#1	100
pose#n#2	100
pose#n#3	100
pose#v#1	100
pose#v#2	100
pose#v#3	100
pose#v#4	100
pose#v#5	100
pose#v#6	200
post#n#1	300
post#n#10	200
post#n#11	200
post#n#2	300
post#n#3	300
post#n#4	100
post#n#5	300
post#n#6	300
post#n#7	200
post#n#8	200
post#n#9	100
post#v#1	100
post#v#10	100
post#v#11	200
post#v#12	100
post#v#2	100
post#v#3	300
post#v#4	300
post#v#5	100
post#v#6	100
post#v#7	200
post#v#8	200
post#v#9	300
pot#n#1	100
pot#n#2	100
pot#n#3	100
pot#n#4	100
pot#n#5	100
pot#n#6	100
pot#n#7	100
pot#n#8	100
pot#n#9	200
pot#v#1	100
potent#a#1	100
potent#a#2	100
potent#a#3	100
potent#a#4	100
potter#n#1	200
potter#v#1	100
potter#v#2	100
potter#v#3	100
pounce#n#1	100
pounce#v#1	100
pound#n#1	100
pound#n#10	100
pound#n#11	999
pound#n#12	100
pound#n#13	200
pound#n#14	200
pound#n#2	100
pound#n#3	100
pound#n#4	100
pound#n#5	100
pound#n#6	100
pound#n#7	100
pound#n#8	100
pound#n#9	100
pound#v#1	200
pound#v#2	200
pound#v#3	200
pound#v#4	200
pound#v#5	300
pound#v#6	300
pound#v#7	300
pound#v#8	200
pram#n#1	100
press#n#1	100
press#n#2	100
press#n#3	100
press#n#4	100
press#n#5	100
press#n#6	100
press#n#7	100
press#n#8	100
press#n#9	100
press#v#1	100
press#v#10	100
press#v#11	100
press#v#12	100
press#v#13	100
press#v#14	100
press#v#2	100
press#v#3	100
press#v#4	100
press#v#5	100
press#v#6	100
press#v#7	100
press#v#8	100
press#v#9	100
primate#n#1	100
primate#n#2	200
prime#a#1	100
prime#a#2	100
prime#a#3	100
prime#a#4	100
prime#a#5	100
prime#n#1	100
prime#n#2	100
prime#n#3	100
prime#n#4	100
prime#v#1	200
prime#v#2	200
prime#v#3	200
prior#a#1	100
prior#n#1	200
prize#a#1	100
prize#n#1	100
prize#n#2	100
prize#n#3	100
prize#v#1	100
prize#v#2	100
prize#v#3	100
pro#a#1	200
pro#n#1	100
pro#n#2	200
pro#r#1	200
prune#n#1	100
prune#v#1	200
prune#v#2	200
pry#n#1	200
pry#v#1	200
pry#v#2	200
pry#v#3	100
pry#v#4	100
pulse#n#1	100
pulse#n#2	100
pulse#n#3	100
pulse#n#4	200
pulse#v#1	100
pulse#v#2	100
pulse#v#3	100
pump#n#1	100
pump#n#2	100
pump#n#3	200
pump#v#1	100
pump#v#2	100
pump#v#3	100
pump#v#4	100
pump#v#5	100
pump#v#6	100
pump#v#7	100
pump#v#8	100
punch#n#1	100
punch#n#2	500
punch#n#3	200
punch#v#1	100
punch#v#2	100
punch#v#3	100
punt#n#1	700
punt#n#2	100
punt#n#3	200
punt#v#1	200
punt#v#2	100
punt#v#3	300
pupil#n#1	100
pupil#n#2	200
pupil#n#3	100
purl#n#1	100
purl#n#2	100
purl#v#1	200
purl#v#2	200
purl#v#3	100
purl#v#4	200
purl#v#5	200
pyrrhic#a#1	200
pyrrhic#a#2	200
pyrrhic#a#3	200
pyrrhic#n#1	200
pyrrhic#n#2	200
quack#a#1	200
quack#n#1	200
quack#n#2	100
quack#v#1	100
quack#v#2	100
quadrille#n#1	100
quadrille#n#2	100
quail#n#1	100
quail#n#2	100
quail#v#1	200
quarrel#n#1	100
quarrel#n#2	200
quarrel#v#1	100
quarry#n#1	200
quarry#n#2	100
quarry#n#3	200
quarry#v#1	100
quid#n#1	100
quid#n#2	100
quid#n#3	100
quit#v#1	100
quit#v#2	100
quit#v#3	100
quit#v#4	100
quit#v#5	100
quiver#n#1	100
quiver#n#2	100
quiver#n#3	200
quiver#n#4	200
quiver#v#1	100
quiver#v#2	100
quiver#v#3	100
quiz#n#1	100
quiz#v#1	100
race#n#1	100
race#n#2	100
race#n#3	200
race#n#4	200
race#n#5	100
race#n#6	100
race#v#1	100
race#v#2	100
race#v#3	100
race#v#4	100
rack#n#1	100
rack#n#2	500
rack#n#3	100
rack#n#4	100
rack#n#5	100
rack#n#6	100
rack#n#7	200
rack#v#1	100
rack#v#10	100
rack#v#11	100
rack#v#2	100
rack#v#3	100
rack#v#4	100
rack#v#5	500
rack#v#6	500
rack#v#7	600
rack#v#8	100
rack#v#9	100
racket#n#1	200
racket#n#2	200
racket#n#3	200
racket#n#4	100
racket#v#1	200
racket#v#2	200
racket#v#3	200
rag#n#1	100
rag#n#2	200
rag#n#3	600
rag#n#4	100
rag#n#5	200
rag#v#1	200
rag#v#2	200
rag#v#3	200
rag#v#4	200
rag#v#5	200
rag#v#6	200
rail#n#1	100
rail#n#2	100
rail#n#3	100
rail#n#4	100
rail#n#5	300
rail#v#1	200
rail#v#10	200
rail#v#2	100
rail#v#3	100
rail#v#4	100
rail#v#5	100
rail#v#6	100
rail#v#7	100
rail#v#8	100
rail#v#9	200
rake#n#1	200
rake#n#2	300
rake#n#3	100
rake#v#1	100
rake#v#2	100
rake#v#3	100
rake#v#4	100
rake#v#5	100
rake#v#6	100
rally#n#1	100
rally#n#2	100
rally#n#3	100
rally#n#4	100
rally#n#5	100
rally#v#1	100
rally#v#2	100
rally#v#3	100
rally#v#4	100
rally#v#5	200
rank#a#1	200
rank#a#2	200
rank#a#3	200
rank#a#4	200
rank#a#5	200
rank#n#1	100
rank#n#2	100
rank#n#3	100
rank#n#4	100
rank#n#5	100
rank#v#1	100
rank#v#2	100
rank#v#3	100
rap#n#1	100
rap#n#2	100
rap#n#3	100
rap#n#4	100
rap#n#5	100
rap#n#6	100
rap#v#1	100
rap#v#2	100
rap#v#3	100
rap#v#4	100
rape#n#1	200
rape#n#2	100
rape#n#3	100
rape#v#1	100
rape#v#2	100
rare#a#1	100
rare#a#2	100
rare#a#3	100
rare#a#4	100
rare#a#5	100
rare#a#6	200
rash#a#1	100
rash#a#2	100
rash#n#1	200
rash#n#2	200
rate#n#1	100
rate#n#2	100
rate#n#3	100
rate#n#4	100
rate#v#1	100
rate#v#2	100
rate#v#3	100
raven#n#1	100
raven#v#1	200
raven#v#2	200
raven#v#3	200
raven#v#4	200
ray#n#1	100
ray#n#2	100
ray#n#3	100
ray#n#4	100
ray#n#5	300
ray#n#6	100
ray#n#7	100
ray#v#1	100
ray#v#2	100
ray#v#3	100
real#a#1	100
real#a#2	100
real#a#3	100
real#a#4	100
real#a#5	100
real#a#6	100
real#a#7	100
real#a#8	100
real#a#9	100
real#n#1	100
real#n#2	200
real#n#3	100
real#r#1	100
rear#a#1	100
rear#n#1	100
rear#n#2	100
rear#n#3	100
rear#n#4	100
rear#n#5	100
rear#v#1	200
rear#v#2	200
rear#v#3	200
rear#v#4	200
rear#v#5	200
reef#n#1	100
reef#n#2	100
reef#n#3	200
reef#v#1	200
reef#v#2	200
reef#v#3	200
reeve#n#1	300
reeve#v#1	200
reeve#v#2	200
reeve#v#3	200
refrain#n#1	200
refrain#v#1	100
refrain#v#2	100
rejoin#v#1	100
rejoin#v#2	100
relay#n#1	100
relay#n#2	100
relay#n#3	100
relay#n#4	100
relay#n#5	100
relay#v#1	100
relay#v#2	100
rent#n#1	100
rent#n#2	200
rent#n#3	100
rent#n#4	200
rent#v#1	100
rent#v#2	100
rent#v#3	100
rent#v#4	100
rep#n#1	100
rep#n#2	300
repair#n#1	100
repair#n#2	100
repair#n#3	100
repair#v#1	100
repair#v#2	100
repair#v#3	200
repair#v#4	100
repair#v#5	100
repose#n#1	100
repose#n#2	100
repose#n#3	100
repose#v#1	200
repose#v#2	200
repose#v#3	200
repose#v#4	200
repose#v#5	200
repose#v#6	200
rest#n#1	200
rest#n#2	100
rest#n#3	100
rest#n#4	100
rest#n#5	100
rest#n#6	100
rest#n#7	100
rest#v#1	100
rest#v#10	100
rest#v#11	100
rest#v#2	100
rest#v#3	100
rest#v#4	100
rest#v#5	100
rest#v#6	100
rest#v#7	100
rest#v#8	100
rest#v#9	100
retort#n#1	100
retort#n#2	200
retort#v#1	100
reveal#v#1	100
reveal#v#2	100
reveal#v#3	100
rick#n#1	200
rick#n#2	100
rick#v#1	100
rick#v#2	200
riddle#n#1	100
riddle#n#2	200
riddle#v#1	200
riddle#v#2	100
riddle#v#3	200
riddle#v#4	200
riddle#v#5	100
riddle#v#6	100
rifle#n#1	100
rifle#v#1	200
rifle#v#2	200
rig#n#1	100
rig#n#2	100
rig#n#3	100
rig#n#4	100
rig#n#5	100
rig#n#6	100
rig#n#7	200
rig#v#1	200
rig#v#2	200
rig#v#3	200
rig#v#4	100
rime#n#1	100
rime#n#2	200
rime#v#1	200
rime#v#2	200
ring#n#1	200
ring#n#2	100
ring#n#3	100
ring#n#4	100
ring#n#5	100
ring#n#6	200
ring#n#7	100
ring#n#8	100
ring#n#9	100
ring#v#1	200
ring#v#2	200
ring#v#3	200
ring#v#4	200
ring#v#5	200
ring#v#6	100
rip#n#1	300
rip#n#2	100
rip#n#3	200
rip#n#4	100
rip#v#1	100
rip#v#2	100
rip#v#3	100
rip#v#4	100
roan#a#1	100
roan#n#1	200
roan#n#2	100
rock#n#1	100
rock#n#2	100
rock#n#3	100
rock#n#4	100
rock#n#5	100
rock#n#6	200
rock#n#7	200
rock#v#1	200
rock#v#2	200
rocket#n#1	100
rocket#n#2	100
rocket#n#3	100
rocket#n#4	100
rocket#n#5	100
rocket#v#1	100
rocket#v#2	100
roe#n#1	100
roe#n#2	100
roe#n#3	100
roe#n#4	100
rook#n#1	200
rook#n#2	100
rook#v#1	100
root#n#1	100
root#n#2	100
root#n#3	100
root#n#4	100
root#n#5	100
root#n#6	100
root#n#7	100
root#n#8	100
root#v#1	100
root#v#2	100
root#v#3	100
root#v#4	100
root#v#5	100
root#v#6	100
rose#a#1	100
rose#n#1	100
rose#n#2	100
rose#n#3	100
rout#n#1	100
rout#n#2	100
rout#v#1	100
rout#v#2	200
rout#v#3	200
rout#v#4	100
row#n#1	100
row#n#2	300
row#n#3	100
row#n#4	100
row#n#5	100
row#n#6	100
row#n#7	200
row#v#1	200
ruck#n#1	100
ruck#n#2	200
ruck#v#1	200
rue#n#1	200
rue#n#2	200
rue#n#3	100
rue#n#4	200
rue#v#1	100
ruff#n#1	100
ruff#n#2	100
ruff#n#3	100
ruff#n#4	300
ruff#v#1	300
rum#a#1	200
rum#n#1	100
rum#n#2	999
rummy#a#1	200
rummy#n#1	None
rummy#n#2	100
rush#a#1	100
rush#a#2	100
rush#n#1	100
rush#n#2	100
rush#n#3	200
rush#n#4	100
rush#n#5	100
rush#n#6	100
rush#n#7	100
rush#v#1	100
rush#v#2	100
rush#v#3	100
rush#v#4	100
rush#v#5	100
rush#v#6	100
rush#v#7	100
rut#n#1	100
rut#n#2	100
rut#n#3	200
rut#v#1	200
rut#v#2	200
sable#a#1	200
sable#n#1	100
sable#n#2	100
sable#n#3	100
sable#n#4	100
sable#n#5	100
sack#n#1	100
sack#n#2	100
sack#n#3	100
sack#n#4	500
sack#n#5	100
sack#n#6	100
sack#n#7	100
sack#n#8	100
sack#n#9	100
sack#v#1	200
sack#v#2	100
sack#v#3	200
sack#v#4	200
sage#a#1	200
sage#a#2	200
sage#n#1	200
sage#n#2	100
sage#n#3	100
sake#n#1	100
sake#n#2	200
sake#n#3	100
saki#n#1	200
saki#n#2	200
saki#n#3	200
sallow#a#1	100
sallow#n#1	200
sallow#v#1	100
sandal#n#1	100
sap#n#1	100
sap#n#2	100
sap#n#3	400
sap#v#1	100
sap#v#2	100
sardine#n#1	100
sardine#n#2	100
sardine#n#3	200
sardine#n#4	100
sash#n#1	200
sash#n#2	100
saw#n#1	300
saw#n#2	100
saw#n#3	100
saw#v#1	100
scald#n#1	100
scald#n#2	100
scald#v#1	100
scald#v#2	100
scald#v#3	100
scald#v#4	100
scale#n#1	300
scale#n#10	100
scale#n#2	300
scale#n#3	300
scale#n#4	100
scale#n#5	100
scale#n#6	300
scale#n#7	200
scale#n#8	200
scale#n#9	100
scale#v#1	200
scale#v#2	200
scale#v#3	300
scale#v#4	300
scale#v#5	300
scale#v#6	100
scale#v#7	200
scale#v#8	200
scamp#n#1	100
scamp#v#1	200
scarf#n#1	100
scarf#n#2	200
scarf#v#1	100
scarf#v#2	100
scarf#v#3	100
school#n#1	100
school#n#2	100
school#n#3	100
school#n#4	100
school#n#5	100
school#n#6	100
school#n#7	200
school#v#1	100
school#v#2	100
school#v#3	200
scoff#n#1	100
scoff#v#1	100
scoff#v#2	100
sconce#n#1	200
sconce#n#2	200
sconce#n#3	100
sconce#n#4	100
scotch#a#1	0
scotch#a#2	100
scotch#n#1	200
scotch#n#2	0
scotch#v#1	100
scotch#v#2	200
scour#n#1	100
scour#v#1	200
scour#v#2	100
scour#v#3	100
scour#v#4	100
scout#n#1	100
scout#n#2	100
scout#n#3	100
scout#n#4	100
scout#v#1	100
scrap#n#1	100
scrap#n#2	100
scrap#n#3	100
scrap#n#4	200
scrap#v#1	100
scrap#v#2	100
scrap#v#3	100
scrip#n#1	100
scrub#a#1	200
scrub#n#1	200
scrub#n#2	100
scrub#v#1	100
scrub#v#2	100
scrub#v#3	100
scupper#n#1	100
scupper#v#1	200
scupper#v#2	200
scuttle#n#1	100
scuttle#n#2	300
scuttle#v#1	200
seal#n#1	100
seal#n#2	100
seal#n#3	200
seal#n#4	100
seal#n#5	100
seal#n#6	100
seal#n#7	100
seal#n#8	100
seal#n#9	200
seal#v#1	100
seal#v#2	100
seal#v#3	100
seal#v#4	100
seal#v#5	100
seal#v#6	200
second#a#1	100
second#a#2	100
second#n#1	200
second#n#10	200
second#n#2	200
second#n#3	200
second#n#4	200
second#n#5	200
second#n#6	200
second#n#7	200
second#n#8	200
second#n#9	200
second#r#1	100
second#v#1	100
second#v#2	300
secrete#v#1	100
secrete#v#2	200
see#n#1	200
see#v#1	100
see#v#10	100
see#v#11	100
see#v#12	100
see#v#13	100
see#v#14	100
see#v#15	100
see#v#16	100
see#v#17	100
see#v#18	100
see#v#19	100
see#v#2	100
see#v#20	100
see#v#21	100
see#v#22	100
see#v#23	100
see#v#24	100
see#v#3	100
see#v#4	100
see#v#5	100
see#v#6	100
see#v#7	100
see#v#8	100
see#v#9	100
send#v#1	100
send#v#2	100
send#v#3	100
send#v#4	100
send#v#5	100
send#v#6	100
send#v#7	100
send#v#8	100
set#a#1	300
set#a#2	300
set#a#3	300
set#a#4	300
set#a#5	300
set#a#6	300
set#a#7	300
set#n#1	200
set#n#10	999
set#n#11	100
set#n#12	300
set#n#13	200
set#n#2	200
set#n#3	200
set#n#4	200
set#n#5	200
set#n#6	300
set#n#7	300
set#n#8	200
set#n#9	100
set#v#1	100
set#v#10	100
set#v#11	100
set#v#12	100
set#v#13	100
set#v#14	100
set#v#15	100
set#v#16	100
set#v#17	100
set#v#18	100
set#v#19	100
set#v#2	100
set#v#20	100
set#v#21	100
set#v#22	100
set#v#23	100
set#v#24	100
set#v#25	100
set#v#3	100
set#v#4	100
set#v#5	100
set#v#6	100
set#v#7	100
set#v#8	100
set#v#9	100
settle#n#1	200
settle#v#1	100
settle#v#10	100
settle#v#11	100
settle#v#12	100
settle#v#13	100
settle#v#14	100
settle#v#15	100
settle#v#16	100
settle#v#17	100
settle#v#18	100
settle#v#19	100
settle#v#2	100
settle#v#20	100
settle#v#21	100
settle#v#22	100
settle#v#3	100
settle#v#4	100
settle#v#5	100
settle#v#6	100
settle#v#7	100
settle#v#8	100
settle#v#9	100
sewer#n#1	100
sewer#n#2	200
sewer#n#3	100
shag#n#1	100
shag#n#2	100
shag#n#3	100
shag#n#4	500
shag#n#5	300
shag#v#1	300
shanty#n#1	100
shanty#n#2	200
share#n#1	100
share#n#2	100
share#n#3	100
share#n#4	100
share#n#5	200
share#v#1	100
share#v#2	100
share#v#3	100
share#v#4	100
share#v#5	100
shed#a#1	200
shed#n#1	100
shed#v#1	200
shed#v#2	200
shed#v#3	200
shed#v#4	200
sheer#a#1	100
sheer#a#2	100
sheer#a#3	100
sheer#a#4	100
sheer#r#1	100
sheer#r#2	100
sheer#v#1	200
sheer#v#2	200
sheet#n#1	100
sheet#n#2	100
sheet#n#3	200
sheet#n#4	100
sheet#n#5	100
sheet#n#6	100
sheet#n#7	200
sheet#n#8	200
sheet#v#1	100
sheet#v#2	100
shelf#n#1	100
shelf#n#2	100
shingle#n#1	200
shingle#n#2	100
shingle#n#3	200
shingle#v#1	200
shiver#n#1	100
shiver#n#2	100
shiver#v#1	100
shiver#v#2	100
shoal#n#1	200
shoal#n#2	200
shoal#n#3	100
shoal#v#1	200
shoal#v#2	200
shock#n#1	100
shock#n#10	100
shock#n#2	100
shock#n#3	100
shock#n#4	100
shock#n#5	100
shock#n#6	100
shock#n#7	200
shock#n#8	500
shock#n#9	100
shock#v#1	100
shock#v#2	100
shock#v#3	100
shock#v#4	100
shock#v#5	100
shock#v#6	100
shock#v#7	100
shore#n#1	100
shore#n#2	200
shore#v#1	200
shore#v#2	200
shore#v#3	200
shrub#n#1	100
shy#a#1	100
shy#a#2	100
shy#a#3	100
shy#n#1	200
shy#v#1	100
shy#v#2	200
sick#a#1	100
sick#a#2	100
sick#a#3	100
sick#a#4	100
sick#a#5	100
sick#a#6	100
sick#a#7	100
sick#n#1	100
sick#v#1	100
sink#n#1	200
sink#n#2	200
sink#n#3	200
sink#n#4	200
sink#v#1	100
sink#v#2	100
sink#v#3	100
sink#v#4	100
sink#v#5	100
sink#v#6	100
sink#v#7	100
sink#v#8	100
sink#v#9	100
size#a#1	100
size#n#1	100
size#n#2	100
size#n#3	200
size#n#4	200
size#n#5	100
size#v#1	200
size#v#2	100
size#v#3	100
skate#n#1	100
skate#n#2	200
skate#v#1	100
skip#n#1	100
skip#n#2	100
skip#v#1	100
skip#v#2	100
skip#v#3	100
skip#v#4	100
skip#v#5	100
skip#v#6	100
slack#a#1	100
slack#a#2	100
slack#a#3	100
slack#n#1	400
slack#n#2	100
slack#n#3	100
slack#n#4	400
slack#n#5	100
slack#n#6	100
slack#v#1	100
slack#v#2	100
slack#v#3	100
slack#v#4	100
slack#v#5	100
slack#v#6	100
slack#v#7	100
slack#v#8	100
slay#v#1	100
sledge#n#1	100
sledge#n#2	500
sledge#v#1	100
sledge#v#2	100
sledge#v#3	100
sling#n#1	200
sling#n#2	100
sling#n#3	100
sling#n#4	100
sling#n#5	100
sling#v#1	100
sling#v#2	100
sling#v#3	100
sling#v#4	100
slip#n#1	100
slip#n#10	200
slip#n#11	100
slip#n#12	100
slip#n#13	100
slip#n#14	100
slip#n#15	100
slip#n#2	100
slip#n#3	300
slip#n#4	200
slip#n#5	200
slip#n#6	100
slip#n#7	100
slip#n#8	100
slip#n#9	200
slip#v#1	100
slip#v#10	100
slip#v#11	100
slip#v#2	100
slip#v#3	100
slip#v#4	100
slip#v#5	100
slip#v#6	100
slip#v#7	100
slip#v#8	100
slip#v#9	100
slop#n#1	100
slop#n#2	100
slop#n#3	100
slop#n#4	100
slop#n#5	100
slop#v#1	100
slop#v#2	100
slop#v#3	100
slop#v#4	100
slot#n#1	100
slot#n#2	100
slot#n#3	100
slot#n#4	100
slot#n#5	200
slot#n#6	100
slot#n#7	100
slot#v#1	100
slough#n#1	200
slough#n#2	200
slough#n#3	100
slough#n#4	200
slough#v#1	200
slug#n#1	100
slug#n#2	999
slug#n#3	200
slug#n#4	100
slug#n#5	100
slug#n#6	100
slug#n#7	100
slug#n#8	200
slug#v#1	200
slug#v#2	200
smack#n#1	100
smack#n#2	200
smack#n#3	600
smack#n#4	700
smack#n#5	100
smack#n#6	100
smack#r#1	100
smack#v#1	100
smack#v#2	200
smack#v#3	200
smack#v#4	100
smack#v#5	100
smelt#n#1	300
smelt#n#2	300
smelt#v#1	100
snook#n#1	100
snuff#a#1	200
snuff#n#1	100
snuff#n#2	200
snuff#n#3	200
snuff#n#4	200
snuff#v#1	200
snuff#v#2	200
sod#n#1	100
sod#n#2	999
sod#n#3	200
sod#n#4	200
sod#v#1	100
soil#n#1	200
soil#n#2	100
soil#n#3	100
soil#n#4	100
soil#v#1	200
sol#n#1	200
sol#n#2	400
sol#n#3	100
sole#a#1	300
sole#a#2	300
sole#n#1	100
sole#n#2	100
sole#n#3	100
sole#n#4	200
sole#v#1	100
sorrel#a#1	200
sorrel#n#1	100
sorrel#n#2	100
sorrel#n#3	100
sorrel#n#4	100
sorrel#n#5	200
sound#a#1	200
sound#a#2	200
sound#a#3	200
sound#a#4	200
sound#a#5	200
sound#a#6	200
sound#a#7	200
sound#a#8	200
sound#a#9	200
sound#n#1	100
sound#n#2	100
sound#n#3	100
sound#n#4	100
sound#n#5	100
sound#n#6	100
sound#n#7	700
sound#n#8	700
sound#v#1	100
sound#v#2	100
sound#v#3	100
sound#v#4	100
sound#v#5	100
sound#v#6	100
sound#v#7	300
sow#n#1	200
sow#v#1	100
sow#v#2	100
sow#v#3	100
spade#n#1	200
spade#n#2	100
spade#n#3	200
spade#v#1	100
span#n#1	100
span#n#2	100
span#n#3	200
span#n#4	100
span#n#5	100
span#n#6	100
span#v#1	100
spar#n#1	300
spar#n#2	100
spar#n#3	200
spar#v#1	100
spar#v#2	100
spar#v#3	100
spar#v#4	100
spat#n#1	300
spat#n#2	200
spat#n#3	400
spat#v#1	100
spat#v#2	100
spat#v#3	100
spat#v#4	100
spat#v#5	100
spat#v#6	100
spat#v#7	100
spell#n#1	200
spell#n#2	300
spell#n#3	300
spell#n#4	200
spell#v#1	100
spell#v#2	100
spell#v#3	100
spell#v#4	300
spell#v#5	300
spell#v#6	300
spike#n#1	100
spike#n#10	100
spike#n#11	100
spike#n#2	100
spike#n#3	200
spike#n#4	200
spike#n#5	100
spike#n#6	100
spike#n#7	100
spike#n#8	100
spike#n#9	100
spike#v#1	100
spike#v#2	100
spike#v#3	100
spike#v#4	100
spike#v#5	100
spike#v#6	100
spill#n#1	100
spill#n#2	100
spill#n#3	100
spill#n#4	100
spill#v#1	100
spill#v#2	100
spill#v#3	100
spill#v#4	100
spill#v#5	100
spill#v#6	100
spire#n#1	100
spit#n#1	200
spit#n#2	100
spit#n#3	200
spit#n#4	100
spit#v#1	100
spit#v#2	100
spit#v#3	100
spit#v#4	100
spray#n#1	100
spray#n#2	100
spray#n#3	100
spray#n#4	100
spray#n#5	100
spray#n#6	100
spray#v#1	100
spray#v#2	100
spray#v#3	100
sprig#n#1	100
sprig#n#2	100
spruce#a#1	200
spruce#n#1	100
spruce#n#2	100
spruce#v#1	200
spruce#v#2	200
squash#n#1	200
squash#n#2	200
squash#n#3	100
squash#v#1	100
stable#a#1	100
stable#a#2	100
stable#a#3	100
stable#a#4	100
stable#a#5	100
stable#n#1	200
stable#v#1	200
stake#n#1	200
stake#n#2	200
stake#n#3	200
stake#n#4	200
stake#n#5	100
stake#v#1	200
stake#v#2	200
stake#v#3	200
stake#v#4	200
stake#v#5	200
stale#a#1	100
stale#a#2	100
stale#v#1	200
stalk#n#1	100
stalk#n#2	100
stalk#n#3	200
stalk#n#4	200
stalk#n#5	200
stalk#v#1	200
stalk#v#2	200
stalk#v#3	200
stanch#v#1	100
staple#a#1	200
staple#n#1	200
staple#n#2	200
staple#n#3	200
staple#n#4	100
staple#n#5	100
staple#v#1	100
stay#n#1	100
stay#n#2	100
stay#n#3	100
stay#n#4	200
stay#n#5	100
stay#v#1	100
stay#v#10	100
stay#v#11	100
stay#v#2	100
stay#v#3	100
stay#v#4	100
stay#v#5	100
stay#v#6	100
stay#v#7	100
stay#v#8	100
stay#v#9	100
steep#a#1	200
steep#a#2	100
steep#a#3	200
steep#n#1	100
steep#v#1	200
steep#v#2	200
steer#n#1	100
steer#n#2	200
steer#v#1	100
steer#v#2	100
steer#v#3	100
stem#n#1	100
stem#n#2	100
stem#n#3	100
stem#n#4	100
stem#n#5	100
stem#n#6	100
stem#v#1	100
stem#v#2	100
stem#v#3	200
stem#v#4	100
stern#a#1	100
stern#a#2	100
stern#a#3	100
stern#a#4	100
stern#n#1	200
stern#n#2	200
stern#n#3	200
stew#n#1	100
stew#n#2	100
stew#v#1	100
stew#v#2	100
stew#v#3	100
stick#n#1	100
stick#n#2	100
stick#n#3	100
stick#n#4	100
stick#n#5	100
stick#n#6	100
stick#n#7	100
stick#n#8	100
stick#n#9	100
stick#v#1	200
stick#v#10	200
stick#v#11	200
stick#v#12	200
stick#v#13	200
stick#v#14	200
stick#v#15	200
stick#v#16	200
stick#v#2	200
stick#v#3	200
stick#v#4	200
stick#v#5	200
stick#v#6	200
stick#v#7	200
stick#v#8	200
stick#v#9	200
stifle#n#1	200
stifle#v#1	100
stifle#v#2	100
stifle#v#3	100
stifle#v#4	100
stile#n#1	200
still#a#1	100
still#a#2	100
still#a#3	100
still#a#4	100
still#a#5	100
still#a#6	100
still#n#1	100
still#n#2	100
still#n#3	500
still#n#4	500
still#r#1	100
still#r#2	100
still#r#3	100
still#r#4	100
still#v#1	100
still#v#2	100
still#v#3	100
still#v#4	100
stoop#n#1	100
stoop#n#2	100
stoop#n#3	200
stoop#v#1	100
stoop#v#2	100
stoop#v#3	100
stoop#v#4	100
stoop#v#5	100
storied#a#1	200
storied#a#2	200
story#n#1	100
story#n#2	100
story#n#3	200
story#n#4	100
story#n#5	100
story#n#6	100
strain#n#1	100
strain#n#10	100
strain#n#11	100
strain#n#2	100
strain#n#3	100
strain#n#4	100
strain#n#5	100
strain#n#6	100
strain#n#7	100
strain#n#8	100
strain#n#9	100
strain#v#1	100
strain#v#2	100
strain#v#3	100
strain#v#4	100
strain#v#5	100
strain#v#6	100
strain#v#7	100
strain#v#8	100
strain#v#9	100
strand#n#1	200
strand#n#2	200
strand#n#3	200
strand#n#4	200
strand#n#5	200
strand#n#6	200
strand#v#1	100
strand#v#2	100
strand#v#3	100
strip#n#1	200
strip#n#2	200
strip#n#3	200
strip#n#4	200
strip#n#5	200
strip#n#6	100
strip#v#1	100
strip#v#10	100
strip#v#11	100
strip#v#12	100
strip#v#13	100
strip#v#2	100
strip#v#3	100
strip#v#4	100
strip#v#5	100
strip#v#6	100
strip#v#7	100
strip#v#8	100
strip#v#9	100
stud#n#1	200
stud#n#2	100
stud#n#3	100
stud#n#4	200
stud#n#5	200
stud#v#1	100
stud#v#2	100
stunt#n#1	200
stunt#n#2	200
stunt#v#1	100
stunt#v#2	200
stupe#n#1	200
sty#n#1	200
sty#n#2	100
summer#n#1	100
summer#n#2	100
summer#v#1	100
sup#n#1	100
sup#v#1	100
swallow#n#1	100
swallow#n#2	100
swallow#n#3	200
swallow#v#1	100
swallow#v#2	100
swallow#v#3	100
swallow#v#4	100
swallow#v#5	100
swallow#v#6	100
swallow#v#7	100
swallow#v#8	100
swash#n#1	100
swash#v#1	100
swash#v#2	100
swash#v#3	100
swash#v#4	100
swathe#n#1	200
swathe#v#1	200
tab#n#1	100
tab#n#2	600
tab#n#3	200
tab#n#4	200
tab#n#5	200
tack#n#1	100
tack#n#2	100
tack#n#3	200
tack#n#4	100
tack#n#5	100
tack#n#6	100
tack#v#1	100
tack#v#2	100
tack#v#3	100
tack#v#4	100
tack#v#5	100
tack#v#6	100
tag#n#1	100
tag#n#2	100
tag#n#3	100
tag#n#4	200
tag#n#5	200
tag#v#1	100
tag#v#2	200
tag#v#3	100
tag#v#4	200
tag#v#5	100
tail#n#1	100
tail#n#2	100
tail#n#3	100
tail#n#4	100
tail#n#5	100
tail#n#6	100
tail#n#7	100
tail#n#8	100
tail#v#1	100
tail#v#2	100
tail#v#3	100
talus#n#1	200
talus#n#2	100
tang#n#1	100
tang#n#2	200
tang#n#3	100
tang#n#4	200
tang#n#5	200
tang#n#6	200
tang#n#7	200
tangle#n#1	100
tangle#n#2	100
tangle#v#1	100
tangle#v#2	100
tangle#v#3	100
tangle#v#4	100
tap#n#1	200
tap#n#2	200
tap#n#3	100
tap#n#4	200
tap#n#5	100
tap#n#6	100
tap#n#7	100
tap#n#8	200
tap#v#1	100
tap#v#10	100
tap#v#11	100
tap#v#12	100
tap#v#2	100
tap#v#3	200
tap#v#4	100
tap#v#5	100
tap#v#6	100
tap#v#7	200
tap#v#8	200
tap#v#9	200
tar#n#1	100
tar#n#2	200
tar#v#1	100
tare#n#1	200
tare#n#2	100
tare#n#3	100
tare#n#4	200
tare#n#5	200
tart#a#1	300
tart#a#2	300
tart#n#1	200
tart#n#2	100
tart#n#3	100
tattoo#n#1	100
tattoo#n#2	200
tattoo#n#3	200
tattoo#v#1	200
taw#n#1	200
taw#n#2	200
tear#n#1	200
tear#n#2	100
tear#n#3	200
tear#n#4	200
tear#v#1	100
tear#v#2	100
tear#v#3	100
tear#v#4	100
tear#v#5	100
tee#n#1	200
tee#n#2	200
tee#n#3	200
tee#v#1	200
tee#v#2	200
temple#n#1	100
temple#n#2	200
temple#n#3	100
temple#n#4	100
temporal#a#1	100
temporal#a#2	100
temporal#a#3	200
temporal#a#4	100
temporal#a#5	100
temporal#n#1	100
tend#v#1	100
tend#v#2	200
tend#v#3	200
tender#a#1	100
tender#a#2	100
tender#a#3	100
tender#a#4	100
tender#a#5	100
tender#a#6	100
tender#a#7	100
tender#a#8	100
tender#n#1	200
tender#n#2	300
tender#n#3	200
tender#n#4	300
tender#n#5	300
tender#n#6	300
tender#v#1	200
tender#v#2	200
tender#v#3	200
tender#v#4	200
tense#a#1	100
tense#a#2	100
tense#a#3	100
tense#n#1	200
tense#v#1	100
tense#v#2	100
tense#v#3	100
tense#v#4	100
tent#n#1	100
tent#n#2	100
tent#v#1	100
terrier#n#1	100
thole#n#1	100
thrum#n#1	100
thrum#v#1	100
thrum#v#2	100
thrum#v#3	100
thrush#n#1	200
thrush#n#2	100
thrush#n#3	100
tick#n#1	100
tick#n#2	200
tick#n#3	100
tick#n#4	300
tick#v#1	100
tick#v#2	100
tick#v#3	100
tick#v#4	100
till#n#1	400
till#n#2	200
till#n#3	200
till#v#1	300
tip#n#1	100
tip#n#2	300
tip#n#3	200
tip#n#4	100
tip#n#5	100
tip#v#1	200
tip#v#2	100
tip#v#3	300
tip#v#4	200
tip#v#5	200
tip#v#6	100
tip#v#7	100
tip#v#8	200
tip#v#9	100
tire#n#1	200
tire#v#1	100
tire#v#2	100
tire#v#3	100
tire#v#4	100
tit#n#1	200
tit#n#2	200
tit#n#3	200
toast#n#1	100
toast#n#2	100
toast#n#3	100
toast#n#4	100
toast#v#1	100
toast#v#2	100
tod#a#1	100
tod#n#1	999
toll#n#1	100
toll#n#2	100
toll#n#3	200
toll#v#1	200
toll#v#2	100
ton#n#1	100
ton#n#2	100
top#a#1	100
top#n#1	100
top#n#10	100
top#n#11	100
top#n#2	100
top#n#3	100
top#n#4	100
top#n#5	100
top#n#6	100
top#n#7	100
top#n#8	500
top#n#9	100
top#v#1	100
top#v#10	100
top#v#2	100
top#v#3	100
top#v#4	100
top#v#5	100
top#v#6	100
top#v#7	100
top#v#8	100
top#v#9	100
tope#n#1	200
tope#v#1	100
tot#n#1	100
tot#n#2	100
tot#v#1	200
tow#n#1	100
tow#v#1	100
trace#n#1	100
trace#n#2	100
trace#n#3	100
trace#n#4	100
trace#n#5	200
trace#n#6	200
trace#v#1	100
trace#v#2	100
trace#v#3	100
trace#v#4	100
trace#v#5	100
trace#v#6	100
trace#v#7	100
trace#v#8	100
tract#n#1	100
tract#n#2	100
tract#n#3	200
tract#n#4	100
trap#n#1	100
trap#n#2	100
trap#n#3	100
trap#n#4	100
trap#n#5	100
trap#n#6	100
trap#n#7	100
trap#n#8	100
trap#v#1	100
trap#v#2	100
trap#v#3	100
trap#v#4	100
tribune#n#1	100
tribune#n#2	200
trip#n#1	100
trip#n#2	100
trip#n#3	100
trip#n#4	100
trip#n#5	100
trip#n#6	100
trip#n#7	100
trip#v#1	100
trip#v#2	100
trip#v#3	100
trip#v#4	100
trip#v#5	100
triton#n#1	100
triton#n#2	100
triton#n#3	100
triton#n#4	100
troll#n#1	100
troll#n#2	200
troll#n#3	200
troll#n#4	200
troll#v#1	200
troll#v#2	200
troll#v#3	200
troll#v#4	200
troll#v#5	200
troll#v#6	200
troll#v#7	200
truck#n#1	100
truck#n#2	100
truck#v#1	100
trump#n#1	100
trump#n#2	100
trump#n#3	200
trump#v#1	200
trump#v#2	200
trump#v#3	200
trump#v#4	200
twig#n#1	100
twig#v#1	100
twig#v#2	100
utter#a#1	100
utter#a#2	100
utter#v#1	200
utter#v#2	200
utter#v#3	200
utter#v#4	200
vamp#n#1	200
vamp#n#2	100
vamp#n#3	100
vamp#v#1	200
vamp#v#2	100
vamp#v#3	200
vamp#v#4	100
van#n#1	200
van#n#2	200
van#n#3	100
van#n#4	100
van#n#5	100
vault#n#1	100
vault#n#2	100
vault#n#3	100
vault#n#4	200
vault#v#1	200
vault#v#2	200
veer#v#1	100
veer#v#2	100
vent#n#1	100
vent#n#2	100
vent#n#3	100
vent#n#4	200
vent#n#5	100
vent#v#1	100
vent#v#2	100
verge#n#1	100
verge#n#2	100
verge#n#3	100
verge#n#4	100
verge#v#1	100
vice#n#1	100
vice#n#2	100
viola#n#1	200
viola#n#2	200
viola#n#3	100
wag#n#1	200
wag#n#2	100
wag#v#1	100
wake#n#1	200
wake#n#2	200
wake#n#3	200
wake#n#4	100
wake#v#1	100
wake#v#2	100
wake#v#3	100
wake#v#4	100
wake#v#5	100
ware#n#1	100
ware#n#2	100
ware#v#1	100
wattle#n#1	200
wattle#n#2	100
wattle#n#3	100
wattle#v#1	100
wattle#v#2	100
wax#n#1	100
wax#v#1	100
wax#v#2	200
wax#v#3	200
weal#n#1	100
wear#n#1	100
wear#n#2	100
wear#n#3	100
wear#v#1	100
wear#v#2	100
wear#v#3	100
wear#v#4	100
wear#v#5	100
wear#v#6	100
wear#v#7	100
wear#v#8	100
wear#v#9	100
weave#n#1	100
weave#v#1	100
weave#v#2	100
weave#v#3	200
weave#v#4	200
weld#n#1	200
weld#n#2	200
weld#n#3	200
weld#v#1	100
weld#v#2	100
well#a#1	100
well#a#2	100
well#a#3	100
well#n#1	200
well#n#2	200
well#n#3	200
well#n#4	200
well#n#5	200
well#r#1	100
well#r#10	100
well#r#11	100
well#r#12	100
well#r#13	100
well#r#2	100
well#r#3	100
well#r#4	100
well#r#5	100
well#r#6	100
well#r#7	100
well#r#8	100
well#r#9	100
well#v#1	200
whiting#n#1	100
whiting#n#2	100
whiting#n#3	100
whiting#n#4	100
whiting#n#5	100
whiting#n#6	100
wick#n#1	100
wick#n#2	100
will#n#1	200
will#n#2	200
will#n#3	200
will#v#1	200
will#v#2	200
will#v#3	200
wilt#n#1	100
wilt#n#2	100
wilt#v#1	100
wilt#v#2	100
winchester#n#1	0
winchester#n#2	200
wind#n#1	100
wind#n#2	100
wind#n#3	100
wind#n#4	100
wind#n#5	100
wind#n#6	100
wind#n#7	100
wind#n#8	200
wind#v#1	200
wind#v#2	200
wind#v#3	200
wind#v#4	100
wind#v#5	200
wind#v#6	200
wind#v#7	200
wise#a#1	100
wise#a#2	100
wise#a#3	100
wise#a#4	100
wise#n#1	100
wise#n#2	100
wise#n#3	100
wit#n#1	100
wit#n#2	100
wit#n#3	100
woof#n#1	200
wound#a#1	200
wound#n#1	100
wound#n#2	100
wound#n#3	100
wound#n#4	100
wound#v#1	100
wound#v#2	100
wrack#n#1	200
wrack#n#2	200
wrack#n#3	200
wrack#v#1	400
yard#n#1	100
yard#n#2	200
yard#n#3	200
yard#n#4	100
yard#n#5	100
yard#n#6	200
yard#n#7	200
yard#n#8	100
yard#n#9	200
